datetime,RadiantOutput,Temperature,RadiativeHeat,footprint,SatZenithAngle,quality,Porosity,AI,date,MarkerSize
2019-05-23 00:01:49+00:00,0.35,1549.85,0.31,0.49,0,1,27.184281,-25.54156,2019-05-23,4.327812301
2019-05-23 00:02:07+00:00,0.47,1943.85,0.35,0.25,0,1,27.86081143,-26.80483207,2019-05-23,4.46113129
2019-05-23 01:20:19+00:00,1.03,1748.85,0.88,0.92,0,1,18.72148283,55.40115243,2019-05-23,5.617572183
2019-05-23 01:20:20+00:00,0.66,1789.85,1.63,1.58,0,1,5.106989024,55.47647219,2019-05-23,6.553524007
2019-05-23 01:20:56+00:00,4.09,1508.85,2.48,4.33,0,1,29.33922705,51.89024402,2019-05-23,7.2784837
2019-05-23 01:21:03+00:00,0.73,1772.85,0.74,0.74,0,1,34.17699471,50.4570705,2019-05-23,5.379425824
2019-05-23 01:21:05+00:00,0.34,2063.85,0.25,0.15,0,1,34.77907783,50.18716133,2019-05-23,4.101219331
2019-05-23 01:21:07+00:00,0.74,1622.85,0.6,0.82,0,1,35.26282623,49.96980255,2019-05-23,5.104648073
2019-05-23 01:21:08+00:00,0.5,1591.85,0.37,0.54,0,1,34.5914565,49.9330094,2019-05-23,4.523539892
2019-05-23 01:21:23+00:00,0.34,1627.85,0.29,0.39,0,1,35.13567238,49.00337438,2019-05-23,4.256253565
2019-05-23 01:22:05+00:00,0.73,1525.85,0.62,1.04,0,1,37.6035118,45.511993,2019-05-23,5.146665181
2019-05-23 01:22:07+00:00,0.69,1607.85,0.63,0.89,0,1,38.00698917,45.313998,2019-05-23,5.167293511
2019-05-23 01:23:04+00:00,0.49,1649.85,0.46,0.59,0,1,18.2974682,45.5993904,2019-05-23,4.776584351
2019-05-23 01:24:49+00:00,1.19,1509.85,2.91,5.07,0,1,37.99322049,34.93886921,2019-05-23,7.575324493
2019-05-23 01:25:44+00:00,0.33,1669.85,0.53,0.66,0,1,6.981653056,36.86660033,2019-05-23,4.948766479
2019-05-23 01:26:23+00:00,0.45,1641.85,0.37,0.49,0,1,30.16100873,31.27082577,2019-05-23,4.523539892
2019-05-23 01:26:27+00:00,1.16,1524.85,0.91,1.53,0,1,29.84533257,31.12949652,2019-05-23,5.664849048
2019-05-23 01:26:27+00:00,1.02,1695.85,1.6,2.09,0,1,29.86812471,31.09351096,2019-05-23,6.523159372
2019-05-23 01:26:39+00:00,0.61,1510.85,0.52,0.91,0,1,26.61697088,31.09622844,2019-05-23,4.925256235
2019-05-23 01:26:41+00:00,0.37,1654.85,0.39,0.5,0,1,27.67490533,30.71885144,2019-05-23,4.583467385
2019-05-23 01:26:41+00:00,1.25,1500.85,1.36,2.43,0,1,31.0941795,29.88330733,2019-05-23,6.263437103
2019-05-23 01:26:43+00:00,0.72,1525.85,0.68,1.14,0,1,27.05355125,30.75888625,2019-05-23,5.266901807
2019-05-23 01:26:46+00:00,0.88,1551.85,0.93,1.47,0,1,12.23403479,32.85339385,2019-05-23,5.695721303
2019-05-23 01:26:50+00:00,0.94,1624.85,0.76,1.03,0,1,29.48526533,29.80121743,2019-05-23,5.415410612
2019-05-23 01:26:50+00:00,0.4,1757.85,0.69,0.72,0,1,33.179281,28.8671864,2019-05-23,5.286159539
2019-05-23 01:26:52+00:00,1.03,1527.85,1.28,2.15,0,1,28.23044346,30.02926608,2019-05-23,6.16922324
2019-05-23 01:26:53.333333+00:00,0.746666667,1627.183333,2.98,4.04,0,1,28.52347595,29.85430171,2019-05-23,7.620475297
2019-05-23 01:26:54.500000+00:00,1.22,1584.35,3.35,4.95,0,1,28.63462898,29.713875,2019-05-23,7.846738785
2019-05-23 01:26:55+00:00,0.85,1726.85,1.03,1.14,0,1,28.0040172,29.75564916,2019-05-23,5.843019016
2019-05-23 01:26:57+00:00,0.44,2050.85,0.6,0.37,0,1,28.53656814,29.55016557,2019-05-23,5.104648073
2019-05-23 01:27:02+00:00,0.58,1733.85,1.12,1.22,0,1,33.34784114,28.04938913,2019-05-23,5.966676599
2019-05-23 01:27:06+00:00,0.4,2068.85,0.81,0.48,0,1,33.5790996,27.8012685,2019-05-23,5.502363129
2019-05-23 01:27:06+00:00,0.39,1822.85,0.79,0.72,0,1,33.57601215,27.8028815,2019-05-23,5.468078823
2019-05-23 01:27:10+00:00,0.57,1753.85,1.21,1.26,0,1,33.62600967,27.47188067,2019-05-23,6.083091319
2019-05-23 01:27:10.500000+00:00,0.465,1604.35,0.87,1.25,0,1,9.170287833,31.6483734,2019-05-23,5.60154471
2019-05-23 01:27:10.500000+00:00,1.59,1675.85,6.7,9.01,0,1,33.62218832,27.47189613,2019-05-23,9.331397592
2019-05-23 01:27:11+00:00,0.26,1537.85,0.15,0.25,0,1,19.612668,30.39931878,2019-05-23,3.609531268
2019-05-23 01:27:11+00:00,0.5,1601.85,0.42,0.6,0,1,9.615386231,31.55056192,2019-05-23,4.66917677
2019-05-23 01:27:13+00:00,0.7,2073.85,1.21,0.7,0,1,5.963288594,31.69572618,2019-05-23,6.083091319
2019-05-23 01:27:13+00:00,0.73,1520.85,1.25,2.12,0,1,5.9807607,31.6294541,2019-05-23,6.132753328
2019-05-23 01:27:26+00:00,0.76,1502.85,0.48,0.86,0,1,21.37414035,29.27700145,2019-05-23,4.827678082
2019-05-23 01:27:26+00:00,0.58,1584.85,0.36,0.53,0,1,21.11793014,29.34964471,2019-05-23,4.492660682
2019-05-23 01:27:29+00:00,1.94,1535.85,1.48,2.44,0,1,22.79558153,28.75669141,2019-05-23,6.397251465
2019-05-23 01:27:29+00:00,1.09,1575.85,0.82,1.23,0,1,22.64491763,28.83881848,2019-05-23,5.519267669
2019-05-23 01:27:34+00:00,0.37,1551.85,0.57,0.9,0,1,6.4742816,30.47378067,2019-05-23,5.039607429
2019-05-23 01:27:47+00:00,0.35,1695.85,0.49,0.58,0,1,6.7246025,29.66874754,2019-05-23,4.852628154
2019-05-23 01:27:49+00:00,0.31,2016.85,0.24,0.15,0,1,22.49596817,27.670133,2019-05-23,4.059577193
2019-05-23 01:27:51+00:00,1.2,1525.85,0.91,1.53,0,1,22.34197367,27.57401067,2019-05-23,5.664849048
2019-05-23 01:27:56+00:00,0.3,1546.85,0.43,0.69,0,1,10.02237427,28.89362573,2019-05-23,4.696724731
2019-05-23 01:27:59+00:00,1.52,1600.85,1.28,1.83,0,1,9.152507417,28.73521283,2019-05-23,6.16922324
2019-05-23 01:28:21+00:00,0.81,1544.85,0.59,0.96,0,1,9.619829289,27.52556078,2019-05-23,5.083244465
2019-05-23 01:31:54+00:00,0.54,1765.85,1.23,1.26,0,1,28.42985779,11.4602285,2019-05-23,6.10807374
2019-05-23 01:32:49+00:00,0.5,1651.85,0.33,0.42,0,1,16.73204075,10.28095638,2019-05-23,4.395987801
2019-05-23 01:32:50+00:00,0.435,1740.85,0.62,0.67,0,1,17.3616158,10.10505228,2019-05-23,5.146665181
2019-05-23 01:33:21+00:00,0.35,1509.85,0.23,0.4,0,1,16.3307054,8.3404077,2019-05-23,4.016612658
2019-05-23 01:34:26+00:00,2.59,1721.85,1.93,2.15,0,1,5.342561722,6.153069139,2019-05-23,6.83624031
2019-05-23 01:34:29+00:00,1.05,2083.85,1.17,0.67,0,1,6.559578438,5.802147563,2019-05-23,6.032182314
2019-05-23 01:34:29+00:00,1.01,1666.85,1.41,1.75,0,1,5.583429889,5.899797444,2019-05-23,6.32022838
2019-05-23 01:34:29+00:00,2.68,1557.85,2.93,4.59,0,1,6.627542292,5.770010708,2019-05-23,7.588307102
2019-05-23 01:34:29+00:00,0.99,1681.85,0.74,0.89,0,1,5.322125667,5.918494333,2019-05-23,5.379425824
2019-05-23 01:34:29+00:00,12.33,1527.85,13.91,23.33,0,1,6.487968444,5.714276056,2019-05-23,11.20107683
2019-05-23 01:34:31+00:00,0.625,1640.85,1.3,1.72,0,1,6.8152118,5.6174298,2019-05-23,6.19318184
2019-05-23 01:34:31+00:00,23.71,1505.85,26.44,46.57,0,1,6.520599278,5.662119167,2019-05-23,13.15204712
2019-05-23 01:34:31+00:00,5.38,1528.85,5.9,9.87,0,1,6.591809819,5.686338917,2019-05-23,9.039428969
2019-05-23 01:34:31.666667+00:00,0.59,1734.85,2.55,2.84,0,1,5.429895125,5.783106729,2019-05-23,7.329309117
2019-05-23 01:34:33+00:00,0.75,2041.85,0.77,0.47,0,1,6.830618682,5.503401455,2019-05-23,5.433137234
2019-05-23 01:34:34+00:00,1.53,1597.85,1.26,1.81,0,1,4.831689188,5.727635125,2019-05-23,6.144982209
2019-05-23 01:34:36+00:00,4.66,1514.85,3.5,6.03,0,1,5.19347875,5.5378105,2019-05-23,7.933137919
2019-05-23 01:34:36+00:00,0.93,1609.85,1.19,1.67,0,1,5.887312,5.430284333,2019-05-23,6.057797253
2019-05-23 01:34:36+00:00,5.83,1554.85,7.44,11.75,0,1,5.88098035,5.447389,2019-05-23,9.579023252
2019-05-23 01:34:36+00:00,0.85,1665.85,0.65,0.82,0,1,5.0898172,5.5381092,2019-05-23,5.207824408
2019-05-23 01:34:38+00:00,1.135,1532.35,2.44,4.07,0,1,6.598718833,5.24986225,2019-05-23,7.248955774
2019-05-23 01:34:40+00:00,0.8,1767.85,0.87,0.88,0,1,6.506449333,5.099712267,2019-05-23,5.60154471
2019-05-23 01:34:40+00:00,0.35,1531.85,0.38,0.63,0,1,6.489612,5.198967333,2019-05-23,4.55379937
2019-05-23 01:34:42+00:00,0.43,1638.85,0.41,0.54,0,1,7.118397,4.892310667,2019-05-23,4.641132398
2019-05-23 01:34:42+00:00,0.73,1602.85,0.66,0.93,0,1,4.336924333,5.355993,2019-05-23,5.22773997
2019-05-23 01:34:43+00:00,1.6,1642.85,2.09,2.74,0,1,5.6860878,4.9998779,2019-05-23,6.973720947
2019-05-23 01:34:44+00:00,4.61,1584.85,12.4,18.3,0,1,5.554106194,4.991933463,2019-05-23,10.88387173
2019-05-23 01:34:45+00:00,0.735,1857.35,1.12,1.04,0,1,8.008022526,4.553545013,2019-05-23,5.966676599
2019-05-23 01:34:45+00:00,0.87,1548.85,1.1,1.76,0,1,5.772883619,4.911379452,2019-05-23,5.939859397
2019-05-23 01:34:46+00:00,1.45,1545.85,3.83,6.22,0,1,5.614760375,4.878173188,2019-05-23,8.113863309
2019-05-23 01:34:47+00:00,0.68,1712.85,0.7,0.8,0,1,6.61366125,4.6548825,2019-05-23,5.305209072
2019-05-23 01:34:47+00:00,0.3,1593.85,0.37,0.54,0,1,5.962449083,4.812786229,2019-05-23,4.523539892
2019-05-23 01:34:47+00:00,16.04,1605.85,11.12,15.72,0,1,8.423633702,4.419108024,2019-05-23,10.59142
2019-05-23 01:34:49+00:00,5.74,1531.85,4.88,8.1,0,1,7.470822357,4.457927143,2019-05-23,8.620509783
2019-05-23 01:34:49+00:00,6.29,1575.85,4.94,7.45,0,1,7.828775244,4.403020795,2019-05-23,8.64688595
2019-05-23 01:34:49+00:00,10.12,1555.85,9.48,14.95,0,1,7.045249972,4.550664722,2019-05-23,10.17724145
2019-05-23 01:34:49+00:00,0.51,1658.85,0.35,0.45,0,1,8.407759929,4.314817,2019-05-23,4.46113129
2019-05-23 01:34:49+00:00,1.11,1692.85,1.07,1.27,0,1,6.900897167,4.552086833,2019-05-23,5.898939445
2019-05-23 01:34:49+00:00,2.53,1543.85,2.61,4.22,0,1,8.432404938,4.254145563,2019-05-23,7.372047425
2019-05-23 01:34:49+00:00,0.54,1738.85,0.56,0.6,0,1,6.667417,4.54974025,2019-05-23,5.017356963
2019-05-23 01:34:49+00:00,56.27,1526.85,40.89,68.69,0,1,8.170673833,4.2926055,2019-05-23,14.66669535
2019-05-23 01:34:49+00:00,1.79,1686.85,2.1,2.5,0,1,6.075924833,4.6606605,2019-05-23,6.982047792
2019-05-23 01:34:49+00:00,0.97,1634.85,0.67,0.9,0,1,8.406043071,4.292390071,2019-05-23,5.247430488
2019-05-23 01:34:52+00:00,0.53,1589.85,0.58,0.85,0,1,6.323638556,4.451219222,2019-05-23,5.061567023
2019-05-23 01:34:52+00:00,2.09,1567.85,1.57,2.41,0,1,7.97353385,4.1456898,2019-05-23,6.492364684
2019-05-23 01:34:56+00:00,0.64,1554.85,0.5,0.79,0,1,7.757029143,3.955312286,2019-05-23,4.877199208
2019-05-23 01:34:58+00:00,19.66,1546.85,14.11,22.67,0,1,8.125638,3.858421692,2019-05-23,11.24112422
2019-05-23 01:35:10+00:00,118.5,1508.85,147.52,258.19,0,1,5.560804881,3.463642708,2019-05-23,20.2134628
2019-05-23 01:35:31+00:00,2.01,1681.85,1.57,1.9,0,1,9.295084214,1.539846929,2019-05-23,6.492364684
2019-05-23 01:36:03+00:00,1.37,1570.85,0.99,1.51,0,1,9.343285,-0.391237333,2019-05-23,5.785445306
2019-05-23 01:36:10+00:00,0.73,1596.85,0.58,0.83,0,1,8.755215167,-0.753249,2019-05-23,5.061567023
2019-05-23 01:36:16+00:00,0.5,1588.85,0.4,0.58,0,1,8.593447636,-1.032926909,2019-05-23,4.612570227
2019-05-23 01:36:28+00:00,1.12,1721.85,0.71,0.79,0,1,9.996640867,-2.0333405,2019-05-23,5.324055582
2019-05-23 01:36:32+00:00,0.7,1504.85,0.49,0.87,0,1,9.1636857,-2.07542255,2019-05-23,4.852628154
2019-05-23 01:36:34+00:00,0.27,1687.85,0.19,0.22,0,1,9.177637685,-2.2235975,2019-05-23,3.829273566
2019-05-23 01:36:59+00:00,0.31,1657.85,0.18,0.22,0,1,10.96348,-3.95609225,2019-05-23,3.777862262
2019-05-23 01:37:04+00:00,0.74,1611.85,0.44,0.61,0,1,12.0381145,-4.484251833,2019-05-23,4.723796311
2019-05-23 01:37:04+00:00,10.58,1537.85,6.21,10.18,0,1,12.05342663,-4.514464571,2019-05-23,9.155896899
2019-05-23 01:37:06+00:00,3.71,1501.85,2.14,3.8,0,1,11.41870381,-4.521495738,2019-05-23,7.015060759
2019-05-23 01:37:06+00:00,0.89,1609.85,0.51,0.72,0,1,11.25344675,-4.4835595,2019-05-23,4.901404414
2019-05-23 01:37:07+00:00,1.19,1515.85,0.69,1.19,0,1,11.815849,-4.6697335,2019-05-23,5.286159539
2019-05-23 01:37:09+00:00,0.76,1538.85,0.44,0.71,0,1,11.41158325,-4.7468705,2019-05-23,4.723796311
2019-05-23 01:37:13+00:00,28.93,1563.85,16.68,25.82,0,1,11.38246825,-4.923636107,2019-05-23,11.72133302
2019-05-23 01:37:16+00:00,5.62,1587.85,3.27,4.81,0,1,11.72012763,-5.195660625,2019-05-23,7.799467123
2019-05-23 01:37:16+00:00,0.75,1519.85,0.44,0.75,0,1,11.84821943,-5.254280286,2019-05-23,4.723796311
2019-05-23 01:37:16+00:00,8.71,1590.85,5.07,7.4,0,1,11.70926107,-5.214683464,2019-05-23,8.703220434
2019-05-23 01:37:18+00:00,27.98,1504.85,16.22,28.64,0,1,11.56534955,-5.273324051,2019-05-23,11.63967103
2019-05-23 01:37:23+00:00,0.4,1619.85,0.23,0.32,0,1,11.7061205,-5.605261333,2019-05-23,4.016612658
2019-05-23 01:37:27+00:00,0.34,1721.85,0.21,0.23,0,1,12.40550825,-5.9377955,2019-05-23,3.926294008
2019-05-23 01:37:34+00:00,5.03,1500.85,2.9,5.16,0,1,11.03119942,-6.1418415,2019-05-23,7.568808079
2019-05-23 01:37:36+00:00,7.05,1510.85,4.06,7.08,0,1,10.73149275,-6.2429715,2019-05-23,8.233026285
2019-05-23 01:37:45+00:00,7.1,1508.85,4.46,7.8,0,1,12.41171771,-7.066345875,2019-05-23,8.428721578
2019-05-23 01:37:52+00:00,0.87,1502.85,0.51,0.9,0,1,11.286602,-7.23850775,2019-05-23,4.901404414
2019-05-23 01:37:54+00:00,0.3,1638.85,0.18,0.23,0,1,11.3707935,-7.36725,2019-05-23,3.777862262
2019-05-23 01:37:55+00:00,11.21,1600.85,6.92,9.89,0,1,12.11141788,-7.591134846,2019-05-23,9.407073064
2019-05-23 01:37:59+00:00,0.29,1585.85,0.18,0.26,0,1,12.1108045,-7.852117,2019-05-23,3.777862262
2019-05-23 02:00:46.333333+00:00,1.016666667,1847.516667,3.94,4.32,0,1,5.938222158,31.46440956,2019-05-23,8.171504967
2019-05-23 02:01:19.333333+00:00,1.073333333,1724.183333,5.51,6.54,0,1,10.02314813,28.94105075,2019-05-23,8.886196106
2019-05-23 02:08:05.400000+00:00,0.976,1567.65,6.69,10.88,0,1,9.237963111,28.72451161,2019-05-23,9.327913777
2019-05-23 02:16:34.750000+00:00,8.0075,1596.85,50.38,72.53,0,1,12.05877073,33.85982359,2019-05-23,15.45227876
2019-05-23 02:17:47.500000+00:00,14.04,1528.85,37.06,61.89,0,1,6.542052444,30.40759294,2019-05-23,14.31048482
2019-05-23 02:18:06.500000+00:00,1.29,1539.35,3.58,5.9,0,1,6.491854857,29.26331557,2019-05-23,7.978086675
2019-05-23 02:18:13.500000+00:00,2.63,1521.35,7.44,12.75,0,1,7.6885475,28.64911583,2019-05-23,9.579023252
2019-05-23 02:18:14.500000+00:00,1.105,1543.85,3.06,4.96,0,1,7.6146496,28.6355624,2019-05-23,7.67111247
2019-05-23 03:01:17+00:00,0.44,1624.85,0.26,0.36,0,1,2.0657035,56.39802375,2019-05-23,4.141630312
2019-05-23 03:01:24+00:00,0.4,1572.85,0.23,0.35,0,1,5.029025,55.53676333,2019-05-23,4.016612658
2019-05-23 03:01:35+00:00,5.16,1630.85,4.76,6.38,0,1,-3.6737638,56.0070339,2019-05-23,8.567019033
2019-05-23 03:02:33+00:00,1,1601.85,0.62,0.89,0,1,4.2814678,51.3527284,2019-05-23,5.146665181
2019-05-23 03:02:44+00:00,7.06,1518.85,4.1,7.01,0,1,2.282842625,51.035982,2019-05-23,8.253230182
2019-05-23 03:03:55+00:00,2.87,1547.85,1.73,2.77,0,1,-2.054603078,47.31579763,2019-05-23,6.651805155
2019-05-23 03:05:05+00:00,0.55,1545.85,0.41,0.67,0,1,-5.898793333,43.5556405,2019-05-23,4.641132398
2019-05-23 03:06:31+00:00,1.04,1552.35,1.38,2.19,0,1,-0.917233021,37.56674486,2019-05-23,6.286338535
2019-05-23 03:06:35+00:00,0.36,1712.85,0.76,0.86,0,1,11.4044318,34.2939072,2019-05-23,5.415410612
2019-05-23 03:06:39+00:00,1.56,1621.85,3.79,5.18,0,1,12.02947533,33.84649561,2019-05-23,8.092594808
2019-05-23 03:06:50.500000+00:00,1.76,1567.85,7.55,11.81,0,1,11.1098421,33.47963225,2019-05-23,9.614234958
2019-05-23 03:06:57+00:00,0.86,1919.85,0.66,0.5,0,1,-0.213976778,35.80250991,2019-05-23,5.22773997
2019-05-23 03:07:06+00:00,0.62,1570.85,0.37,0.56,0,1,-5.404648786,36.18906764,2019-05-23,4.523539892
2019-05-23 03:07:09+00:00,0.71,1793.85,1.64,1.58,0,1,10.97299732,32.28792041,2019-05-23,6.563552382
2019-05-23 03:07:29+00:00,0.59,1772.85,1.21,1.22,0,1,9.851795238,31.40399038,2019-05-23,6.083091319
2019-05-23 03:07:34+00:00,0.33,1667.85,0.36,0.45,0,1,3.240753375,32.83888131,2019-05-23,4.492660682
2019-05-23 03:07:43+00:00,0.46,1524.85,0.56,0.94,0,1,6.937170333,31.39252333,2019-05-23,5.017356963
2019-05-23 03:07:43+00:00,0.6,1612.85,0.52,0.72,0,1,5.226339167,31.74997123,2019-05-23,4.925256235
2019-05-23 03:07:56+00:00,0.41,1582.85,0.65,0.97,0,1,7.905783567,30.38740607,2019-05-23,5.207824408
2019-05-23 03:07:56+00:00,0.63,1656.85,0.62,0.79,0,1,5.633699611,30.88814225,2019-05-23,5.146665181
2019-05-23 03:07:59+00:00,0.38,1718.85,0.58,0.65,0,1,7.690562233,30.17984492,2019-05-23,5.061567023
2019-05-23 03:08:20+00:00,1.08,1575.85,2.44,3.68,0,1,9.05613275,28.4676355,2019-05-23,7.248955774
2019-05-23 03:08:20+00:00,1.86,1508.85,4.93,8.62,0,1,9.8061395,28.18919164,2019-05-23,8.64250667
2019-05-23 03:08:22+00:00,1.04,1535.85,2.76,4.55,0,1,9.805405643,28.19082179,2019-05-23,7.475758513
2019-05-23 03:08:24+00:00,1.18,1521.85,2.04,3.47,0,1,7.654136,28.57881817,2019-05-23,6.931632598
2019-05-23 03:08:24+00:00,3.94,1522.85,6.64,11.25,0,1,7.5358565,28.63748575,2019-05-23,9.310435878
2019-05-23 03:09:01+00:00,0.45,1554.85,0.35,0.56,0,1,-0.158243167,28.21233458,2019-05-23,4.46113129
2019-05-23 03:09:01+00:00,1.55,1527.85,1.34,2.25,0,1,0.306680964,28.11571412,2019-05-23,6.240281672
2019-05-23 03:09:05+00:00,0.74,1610.85,0.7,0.97,0,1,0.6314095,27.7819231,2019-05-23,5.305209072
2019-05-23 03:09:05+00:00,1.42,1650.85,1.3,1.67,0,1,0.461966951,27.7972829,2019-05-23,6.19318184
2019-05-23 03:13:26+00:00,0.465,1579.35,1.12,1.7,0,1,-17.3460083,14.73995977,2019-05-23,5.966676599
2019-05-23 03:15:35+00:00,0.85,1627.85,0.98,1.33,0,1,-4.8018053,5.0313529,2019-05-23,5.770779927
2019-05-23 03:15:36+00:00,0.69,1684.85,0.62,0.75,0,1,-2.89155125,4.5957155,2019-05-23,5.146665181
2019-05-23 05:02:13+00:00,0.42,1674.85,0.3,0.37,0,1,-38.3397512,-12.3954248,2019-05-23,4.292480266
2019-05-23 05:02:13+00:00,0.4,1645.85,0.29,0.38,0,1,-38.2798722,-12.3560289,2019-05-23,4.256253565
2019-05-23 05:05:04+00:00,1.29,1525.85,0.82,1.37,0,1,-41.72468622,-22.28322819,2019-05-23,5.519267669
2019-05-23 05:05:05+00:00,0.99,1564.85,0.76,1.17,0,1,-40.26207,-22.5521803,2019-05-23,5.415410612
2019-05-23 05:05:09+00:00,0.3,1700.85,0.22,0.26,0,1,-40.5471945,-22.67290025,2019-05-23,3.972223384
2019-05-23 05:05:37+00:00,0.66,1682.85,0.4,0.49,0,1,-45.4973204,-23.654759,2019-05-23,4.612570227
2019-05-23 05:05:55+00:00,0.31,1664.85,0.19,0.23,0,1,-42.945735,-25.13982333,2019-05-23,3.829273566
2019-05-23 05:09:22+00:00,0.75,1514.85,0.6,1.04,0,1,-57.9254551,-34.8760991,2019-05-23,5.104648073
2019-05-23 05:44:08.333333+00:00,0.5,1687.516667,1.56,1.89,0,1,-62.301068,-38.747737,2019-05-23,6.482001738
2019-05-23 06:26:51+00:00,1.04,1644.85,0.68,0.89,0,1,-48.01881631,46.78912933,2019-05-23,5.266901807
2019-05-23 06:37:12+00:00,0.34,1774.85,0.44,0.44,0,1,-68.938147,12.13176867,2019-05-23,4.723796311
2019-05-23 06:37:39+00:00,1.35,1697.85,0.86,1.01,0,1,-63.55497767,9.682502333,2019-05-23,5.585378467
2019-05-23 06:37:39+00:00,23.04,1640.85,14.57,19.14,0,1,-63.473414,9.677824681,2019-05-23,11.33164294
2019-05-23 06:37:39+00:00,3,1743.85,1.9,2.02,0,1,-63.47390244,9.732972111,2019-05-23,6.809518338
2019-05-23 06:37:40+00:00,14.09,1642.85,17.92,23.46,0,1,-63.53450277,9.652141667,2019-05-23,11.9333532
2019-05-23 06:37:40+00:00,2.36,1588.85,1.52,2.24,0,1,-63.68821767,9.622538917,2019-05-23,6.44004483
2019-05-23 06:37:40+00:00,4.06,1672.85,2.59,3.18,0,1,-63.56239313,9.6532872,2019-05-23,7.357883964
2019-05-23 06:37:40+00:00,4.73,1793.85,3.04,2.93,0,1,-63.6290682,9.6457842,2019-05-23,7.658547133
2019-05-23 06:37:40+00:00,2.21,1668.85,1.43,1.78,0,1,-63.72587667,9.616877867,2019-05-23,6.342522301
2019-05-23 06:37:42+00:00,5.8,1534.85,4.02,6.63,0,1,-64.26157028,9.661452406,2019-05-23,8.212672542
2019-05-23 06:37:44+00:00,0.32,1670.85,0.32,0.39,0,1,-66.31994325,9.871038813,2019-05-23,4.362299588
2019-05-23 06:37:47+00:00,11.11,1506.85,7.43,13.06,0,1,-64.05769659,9.228503682,2019-05-23,9.57580287
2019-05-23 06:37:47+00:00,6.21,1584.85,4.45,6.58,0,1,-64.54655113,9.3849445,2019-05-23,8.423992981
2019-05-23 06:37:49+00:00,11.52,1554.85,8.37,13.2,0,1,-64.67003596,9.227398256,2019-05-23,9.865278682
2019-05-23 06:37:49+00:00,0.65,1555.85,0.46,0.72,0,1,-64.50950255,9.220076775,2019-05-23,4.776584351
2019-05-23 06:37:51+00:00,2.15,1630.85,1.61,2.15,0,1,-64.869562,9.18072275,2019-05-23,6.533328007
2019-05-23 06:37:51+00:00,0.77,1658.85,0.52,0.65,0,1,-64.14029099,9.101159269,2019-05-23,4.925256235
2019-05-23 06:37:53+00:00,0.5,1762.85,0.32,0.33,0,1,-63.92728473,8.935392733,2019-05-23,4.362299588
2019-05-23 06:37:53+00:00,0.39,1736.35,0.46,0.51,0,1,-62.90893765,8.724650298,2019-05-23,4.776584351
2019-05-23 06:37:55+00:00,2.35,1539.85,1.42,2.32,0,1,-63.15285724,8.6866175,2019-05-23,6.331404778
2019-05-23 06:38:00+00:00,0.32,2083.85,0.19,0.11,0,1,-62.85214411,8.344623444,2019-05-23,3.829273566
2019-05-23 06:38:00+00:00,1.62,1551.85,1.07,1.7,0,1,-64.1350465,8.555850786,2019-05-23,5.898939445
2019-05-23 06:41:42+00:00,4.47,1602.85,2.58,3.68,0,1,-65.29444767,-4.864105333,2019-05-23,7.350771453
2019-05-23 06:43:59+00:00,0.525,1748.35,0.98,1.12,0,1,-72.94328833,-11.84614017,2019-05-23,5.770779927
2019-05-23 06:50:09+00:00,0.83,1532.85,0.57,0.94,0,1,-69.48461633,-34.97618,2019-05-23,5.039607429
2019-05-23 06:50:13+00:00,0.31,1509.85,0.21,0.36,0,1,-69.6989654,-35.1863388,2019-05-23,3.926294008
2019-05-23 06:50:45+00:00,0.72,1603.85,0.51,0.73,0,1,-69.65728864,-37.15265761,2019-05-23,4.901404414
2019-05-23 06:50:59+00:00,0.84,1659.85,0.69,0.87,0,1,-68.85222517,-38.05168267,2019-05-23,5.286159539
2019-05-23 06:51:01+00:00,0.3,1620.85,0.23,0.32,0,1,-69.2318944,-38.1256862,2019-05-23,4.016612658
2019-05-23 06:51:03+00:00,6.52,1511.85,5.52,9.58,0,1,-68.63690054,-38.28537461,2019-05-23,8.890225214
2019-05-23 06:51:03+00:00,2.9,1607.85,2.44,3.44,0,1,-68.66570828,-38.23879597,2019-05-23,7.248955774
2019-05-23 06:51:05+00:00,0.63,1502.85,0.53,0.94,0,1,-68.71745375,-38.41061075,2019-05-23,4.948766479
2019-05-23 06:51:05+00:00,8.66,1542.85,7.4,12,0,1,-68.59617367,-38.39284747,2019-05-23,9.566122181
2019-05-23 06:51:05+00:00,0.75,1596.85,0.64,0.92,0,1,-68.6053008,-38.3732353,2019-05-23,5.187677708
2019-05-23 06:51:05+00:00,0.36,1587.85,0.3,0.44,0,1,-68.74291375,-38.36040475,2019-05-23,4.292480266
2019-05-23 06:51:06+00:00,0.76,1504.85,0.66,1.16,0,1,-68.49357413,-38.56237925,2019-05-23,5.22773997
2019-05-23 06:51:10+00:00,0.27,1618.85,0.23,0.31,0,1,-68.9173495,-38.74703975,2019-05-23,4.016612658
2019-05-23 07:31:11+00:00,0.6,1837.35,2.41,2.16,0,1,-76.81406025,-0.38908525,2019-05-23,7.226570672
2019-05-23 08:10:24+00:00,0.4,1869.85,0.24,0.2,0,1,-80.60776267,40.34501767,2019-05-23,4.059577193
2019-05-23 08:10:47+00:00,0.33,1645.85,0.29,0.38,0,1,-84.385044,39.47563825,2019-05-23,4.256253565
2019-05-23 08:13:36+00:00,0.38,1664.85,0.41,0.52,0,1,-93.32438033,30.1911415,2019-05-23,4.641132398
2019-05-23 08:13:38+00:00,0.63,1504.85,0.68,1.19,0,1,-93.3310395,30.04995117,2019-05-23,5.266901807
2019-05-23 08:15:09+00:00,0.36,1872.85,0.23,0.19,0,1,-81.6216456,23.1488157,2019-05-23,4.016612658
2019-05-23 08:15:21+00:00,0.36,1658.85,0.28,0.36,0,1,-80.5304235,22.18377408,2019-05-23,4.219077485
2019-05-23 08:15:55+00:00,0.4,1579.85,0.86,1.29,0,1,-97.95960233,22.41409167,2019-05-23,5.585378467
2019-05-23 08:15:56+00:00,2.865,1516.35,11.88,20.44,0,1,-97.81542291,22.28179515,2019-05-23,10.76792703
2019-05-23 08:16:38+00:00,2.42,1529.85,6.33,10.56,0,1,-99.27126843,20.030301,2019-05-23,9.199811333
2019-05-23 08:16:57+00:00,0.52,1906.85,0.68,0.53,0,1,-93.09104674,18.2290702,2019-05-23,5.266901807
2019-05-23 08:16:59+00:00,0.54,1515.85,0.69,1.19,0,1,-93.04545477,18.07536069,2019-05-23,5.286159539
2019-05-23 08:16:59+00:00,1.32,1527.85,1.02,1.71,0,1,-93.8951692,18.2205302,2019-05-23,5.828785003
2019-05-23 08:17:00+00:00,1.435,1863.35,3.87,5.5,0,1,-93.30994121,18.06538421,2019-05-23,8.134965863
2019-05-23 08:17:01+00:00,4.63,1585.85,3.82,5.64,0,1,-94.20160113,18.13032457,2019-05-23,8.10856186
2019-05-23 08:17:03+00:00,0.44,1731.85,0.61,0.67,0,1,-93.4518738,18.0063792,2019-05-23,5.125785785
2019-05-23 08:17:03+00:00,0.81,1581.85,0.58,0.87,0,1,-93.6347062,17.94783483,2019-05-23,5.061567023
2019-05-23 08:17:03+00:00,0.85,1592.85,0.66,0.95,0,1,-93.92459078,18.02742353,2019-05-23,5.22773997
2019-05-23 08:17:03+00:00,0.62,1859.35,1.06,0.92,0,1,-94.3955888,18.1061444,2019-05-23,5.885108308
2019-05-23 08:17:04+00:00,0.52,1701.85,0.39,0.45,0,1,-93.84791445,17.92185075,2019-05-23,4.583467385
2019-05-23 08:17:06+00:00,4.71,1502.85,3.63,6.43,0,1,-93.94467597,17.79895467,2019-05-23,8.005798404
2019-05-23 08:17:10+00:00,0.27,1634.85,0.37,0.49,0,1,-93.36061117,17.47800183,2019-05-23,4.523539892
2019-05-23 08:17:12+00:00,4.14,1523.85,2.99,5.06,0,1,-90.58151428,17.04147138,2019-05-23,7.626860284
2019-05-23 08:17:15+00:00,0.34,1625.85,0.33,0.45,0,1,-90.1346585,16.76752175,2019-05-23,4.395987801
2019-05-23 08:17:35+00:00,4.2,1539.85,3.96,6.46,0,1,-95.16947517,16.20069,2019-05-23,8.181855216
2019-05-23 08:21:21.666667+00:00,0.58,1808.183333,3.32,3.11,0,1,-76.8304834,-0.2580261,2019-05-23,7.829112154
2019-05-23 08:21:22+00:00,0.42,1781.85,0.79,0.79,0,1,-76.883705,-0.334354667,2019-05-23,5.468078823
2019-05-23 08:21:23+00:00,0.64,1839.35,2.47,2.19,0,1,-76.8300325,-0.356965167,2019-05-23,7.271135399
2019-05-23 08:21:24+00:00,0.96,1760.85,1.82,1.88,0,1,-76.8728379,-0.4031865,2019-05-23,6.736678793
2019-05-23 08:21:24+00:00,0.68,1603.85,1.3,1.84,0,1,-76.89122331,-0.415358813,2019-05-23,6.19318184
2019-05-23 08:21:30+00:00,0.4,1581.85,0.72,1.07,0,1,-77.1485168,-0.6889355,2019-05-23,5.342704048
2019-05-23 08:22:42+00:00,0.37,1754.85,0.33,0.34,0,1,-81.1805585,-4.392229667,2019-05-23,4.395987801
2019-05-23 08:41:59.666667+00:00,1.2,1579.516667,8.09,12.41,0,1,45.12805798,45.00779165,2019-05-23,9.781717678
2019-05-23 08:42:06+00:00,0.743333333,1781.85,4.14,4.98,0,1,44.72434044,44.67177389,2019-05-23,8.273286783
2019-05-23 09:04:14.500000+00:00,2.4,1713.85,4.7,6.55,0,1,-97.68751725,29.11076225,2019-05-23,8.539893566
2019-05-23 09:06:06.750000+00:00,1.25,1632.85,8.2,10.99,0,1,-97.93378423,22.45019293,2019-05-23,9.814800055
2019-05-23 09:06:41+00:00,1.135,1732.35,3.82,4.11,0,1,-97.15550233,20.31823578,2019-05-23,8.10856186
2019-05-23 09:21:03.666667+00:00,1.116666667,1783.183333,4.65,4.04,0,1,-97.84331829,28.994094,2019-05-23,8.517089908
2019-05-23 09:48:10+00:00,0.32,1741.85,0.54,0.58,0,1,-118.6977287,54.45758683,2019-05-23,4.971946348
2019-05-23 09:49:09+00:00,0.65,1682.85,0.38,0.45,0,1,-101.1753854,49.81455407,2019-05-23,4.55379937
2019-05-23 09:49:09+00:00,0.38,1629.85,0.22,0.3,0,1,-101.2110036,49.73742056,2019-05-23,3.972223384
2019-05-23 09:49:09+00:00,0.41,1655.85,0.24,0.3,0,1,-101.3532173,49.77454168,2019-05-23,4.059577193
2019-05-23 09:49:11+00:00,0.88,1618.85,0.51,0.7,0,1,-101.3246956,49.66297809,2019-05-23,4.901404414
2019-05-23 09:49:16+00:00,0.48,1725.85,0.29,0.32,0,1,-102.9901417,49.55883036,2019-05-23,4.256253565
2019-05-23 09:49:16+00:00,0.27,1831.85,0.16,0.15,0,1,-103.063898,49.6214245,2019-05-23,3.668242086
2019-05-23 09:49:18+00:00,0.81,1678.85,0.49,0.59,0,1,-102.6981864,49.41511425,2019-05-23,4.852628154
2019-05-23 09:49:18+00:00,0.39,1670.85,0.24,0.29,0,1,-102.8546133,49.47805455,2019-05-23,4.059577193
2019-05-23 09:49:18+00:00,0.47,1538.85,0.29,0.47,0,1,-102.7590454,49.41379387,2019-05-23,4.256253565
2019-05-23 09:49:20+00:00,1.3,1507.85,0.78,1.38,0,1,-102.7278675,49.35326863,2019-05-23,5.450692025
2019-05-23 09:49:20+00:00,1.36,1515.85,0.78,1.35,0,1,-101.3076178,49.11673566,2019-05-23,5.450692025
2019-05-23 09:49:20+00:00,0.33,1730.85,0.19,0.21,0,1,-100.6049867,49.02831494,2019-05-23,3.829273566
2019-05-23 09:49:20+00:00,0.57,1665.85,0.34,0.43,0,1,-102.631589,49.31210933,2019-05-23,4.428918849
2019-05-23 09:49:25+00:00,0.86,1695.85,0.54,0.63,0,1,-103.6071446,49.16267138,2019-05-23,4.971946348
2019-05-23 09:49:27+00:00,0.97,1629.85,0.6,0.81,0,1,-103.5003455,49.022526,2019-05-23,5.104648073
2019-05-23 09:49:27+00:00,1.25,1508.85,0.78,1.36,0,1,-103.4220815,49.02950232,2019-05-23,5.450692025
2019-05-23 09:49:29+00:00,0.38,1549.85,0.27,0.43,0,1,-108.4757003,49.46474717,2019-05-23,4.180891861
2019-05-23 09:49:29+00:00,0.77,1624.85,0.47,0.64,0,1,-103.124552,48.86392225,2019-05-23,4.802335065
2019-05-23 09:49:32+00:00,1.1,1521.85,0.65,1.1,0,1,-102.6635589,48.58796904,2019-05-23,5.207824408
2019-05-23 09:49:32+00:00,1.14,1545.85,0.68,1.09,0,1,-102.7678617,48.61746096,2019-05-23,5.266901807
2019-05-23 09:49:34+00:00,0.26,1877.85,0.16,0.13,0,1,-103.2520908,48.51758357,2019-05-23,3.668242086
2019-05-23 09:49:36+00:00,1.28,1633.85,0.78,1.04,0,1,-103.327192,48.39957523,2019-05-23,5.450692025
2019-05-23 09:49:36+00:00,2.94,1589.85,1.79,2.63,0,1,-103.3649436,48.40330119,2019-05-23,6.708744485
2019-05-23 09:49:38+00:00,0.58,1662.85,0.36,0.45,0,1,-103.602636,48.40260556,2019-05-23,4.492660682
2019-05-23 09:49:38+00:00,1.64,1557.85,1.02,1.6,0,1,-103.6393986,48.34139022,2019-05-23,5.828785003
2019-05-23 09:49:38+00:00,1.46,1664.85,0.89,1.12,0,1,-103.3809857,48.37067612,2019-05-23,5.633463635
2019-05-23 09:49:38+00:00,1.04,1596.85,0.62,0.89,0,1,-102.7276046,48.19828963,2019-05-23,5.146665181
2019-05-23 09:49:38+00:00,0.85,1554.85,0.52,0.82,0,1,-103.3582949,48.37391721,2019-05-23,4.925256235
2019-05-23 09:49:38+00:00,0.57,1578.85,0.35,0.53,0,1,-103.510832,48.39733775,2019-05-23,4.46113129
2019-05-23 09:49:38+00:00,0.81,1570.85,0.5,0.76,0,1,-103.4442101,48.4011623,2019-05-23,4.877199208
2019-05-23 09:49:38+00:00,0.49,1620.85,0.29,0.4,0,1,-102.755811,48.228971,2019-05-23,4.256253565
2019-05-23 09:49:38+00:00,0.305,1626.35,0.36,0.49,0,1,-102.3039224,48.15144538,2019-05-23,4.492660682
2019-05-23 09:49:39+00:00,0.83,1644.85,0.51,0.66,0,1,-103.3498796,48.22631,2019-05-23,4.901404414
2019-05-23 09:49:39+00:00,0.74,1725.85,0.45,0.5,0,1,-103.2765166,48.17075719,2019-05-23,4.750410301
2019-05-23 09:49:39+00:00,2.02,1529.85,1.19,1.98,0,1,-102.5682693,48.15000828,2019-05-23,6.057797253
2019-05-23 09:49:39+00:00,0.72,1672.85,0.42,0.52,0,1,-102.7807234,48.16705647,2019-05-23,4.66917677
2019-05-23 09:49:39+00:00,1.79,1609.85,1.08,1.52,0,1,-103.3174274,48.25486541,2019-05-23,5.912673972
2019-05-23 09:49:39+00:00,0.83,1644.85,0.49,0.64,0,1,-102.6803313,48.11196428,2019-05-23,4.852628154
2019-05-23 09:49:39+00:00,1.92,1547.85,1.14,1.83,0,1,-102.90478,48.11112292,2019-05-23,5.993137012
2019-05-23 09:49:39+00:00,0.38,1702.85,0.23,0.27,0,1,-103.414667,48.253048,2019-05-23,4.016612658
2019-05-23 09:49:39+00:00,0.38,1532.85,0.23,0.38,0,1,-102.9840464,48.22186417,2019-05-23,4.016612658
2019-05-23 09:49:41+00:00,0.83,1612.85,0.49,0.68,0,1,-102.7584534,48.04921214,2019-05-23,4.852628154
2019-05-23 09:49:41+00:00,0.66,1671.85,0.4,0.5,0,1,-103.5810683,48.17095729,2019-05-23,4.612570227
2019-05-23 09:49:41+00:00,9.98,1505.85,5.88,10.35,0,1,-102.7330377,47.99059978,2019-05-23,9.031758679
2019-05-23 09:49:41+00:00,3.12,1517.85,1.83,3.14,0,1,-102.6687056,47.97817071,2019-05-23,6.745913467
2019-05-23 09:49:41+00:00,0.295,1634.85,0.35,0.48,0,1,-102.8223835,48.02134573,2019-05-23,4.46113129
2019-05-23 09:49:41+00:00,3.03,1597.85,1.82,2.62,0,1,-103.1415735,48.08385385,2019-05-23,6.736678793
2019-05-23 09:49:41+00:00,3.44,1635.85,2.06,2.73,0,1,-103.1165608,48.05301167,2019-05-23,6.948559787
2019-05-23 09:49:41+00:00,0.77,1597.85,0.47,0.67,0,1,-103.3238856,48.11087303,2019-05-23,4.802335065
2019-05-23 09:49:41+00:00,1.39,1540.85,1.63,2.66,0,1,-102.6737994,48.00911019,2019-05-23,6.553524007
2019-05-23 09:49:41+00:00,9.08,1580.85,5.35,7.98,0,1,-102.7052943,48.04438317,2019-05-23,8.82097191
2019-05-23 09:49:41+00:00,0.765,1618.35,0.93,1.3,0,1,-103.3301308,48.16849869,2019-05-23,5.695721303
2019-05-23 09:49:41+00:00,0.285,1670.85,0.35,0.44,0,1,-103.5568439,48.19636208,2019-05-23,4.46113129
2019-05-23 09:49:41+00:00,3.99,1521.85,2.34,3.98,0,1,-102.5867976,48.04036844,2019-05-23,7.173514127
2019-05-23 09:49:41+00:00,1.83,1504.85,1.07,1.89,0,1,-102.4706341,47.94970292,2019-05-23,5.898939445
2019-05-23 09:49:41+00:00,2.11,1643.85,1.29,1.69,0,1,-103.4933452,48.15210475,2019-05-23,6.181237364
2019-05-23 09:49:41+00:00,3.09,1575.85,1.82,2.74,0,1,-102.6936374,47.99125239,2019-05-23,6.736678793
2019-05-23 09:49:41+00:00,2.04,1569.85,1.2,1.83,0,1,-102.6039286,48.06046179,2019-05-23,6.070483808
2019-05-23 09:49:41+00:00,4.89,1607.85,2.89,4.07,0,1,-102.7839559,48.0494594,2019-05-23,7.56227479
2019-05-23 09:49:43+00:00,6.72,1559.85,3.95,6.17,0,1,-102.684497,47.89225975,2019-05-23,8.176685004
2019-05-23 09:49:43+00:00,0.37,1560.85,0.22,0.34,0,1,-102.4274354,47.8868988,2019-05-23,3.972223384
2019-05-23 09:49:43+00:00,0.51,1628.85,0.3,0.4,0,1,-102.532003,47.84487868,2019-05-23,4.292480266
2019-05-23 09:49:43+00:00,1.32,1614.85,0.77,1.07,0,1,-102.4094543,47.85251167,2019-05-23,5.433137234
2019-05-23 09:49:43+00:00,15.34,1544.85,9.01,14.55,0,1,-102.6838783,47.87875893,2019-05-23,10.04868405
2019-05-23 09:49:43+00:00,1.44,1591.85,0.9,1.31,0,1,-103.8203104,48.10839528,2019-05-23,5.649221729
2019-05-23 09:49:43+00:00,1.94,1530.85,1.14,1.89,0,1,-102.6849547,47.9425238,2019-05-23,5.993137012
2019-05-23 09:49:43+00:00,0.78,1623.85,0.47,0.64,0,1,-103.2298983,47.99405678,2019-05-23,4.802335065
2019-05-23 09:49:43+00:00,0.66,1621.85,0.77,1.05,0,1,-102.7351801,47.90679861,2019-05-23,5.433137234
2019-05-23 09:49:43+00:00,0.81,1523.85,0.48,0.81,0,1,-102.666414,47.93174042,2019-05-23,4.827678082
2019-05-23 09:49:43+00:00,8.51,1528.85,5,8.35,0,1,-102.6411706,47.96127767,2019-05-23,8.673022931
2019-05-23 09:49:43+00:00,0.71,1598.85,0.42,0.6,0,1,-102.8585711,47.93268098,2019-05-23,4.66917677
2019-05-23 09:49:43+00:00,0.67,1597.85,0.4,0.58,0,1,-103.1924725,47.99196308,2019-05-23,4.612570227
2019-05-23 09:49:43+00:00,0.94,1643.85,0.55,0.72,0,1,-102.7840604,47.92099463,2019-05-23,4.994806474
2019-05-23 09:49:43+00:00,1.73,1537.85,1.01,1.66,0,1,-102.567754,47.93429129,2019-05-23,5.81444594
2019-05-23 09:49:43+00:00,0.365,1628.35,0.44,0.6,0,1,-102.8175278,47.93306175,2019-05-23,4.723796311
2019-05-23 09:49:43+00:00,0.85,1693.85,0.5,0.59,0,1,-102.5848885,47.93554775,2019-05-23,4.877199208
2019-05-23 09:49:43+00:00,0.7,1667.85,0.41,0.51,0,1,-102.7198104,47.93407814,2019-05-23,4.641132398
2019-05-23 09:49:45+00:00,5.1,1548.85,2.99,4.79,0,1,-102.6835665,47.78799055,2019-05-23,7.626860284
2019-05-23 09:49:45+00:00,1.69,1603.85,1.07,1.52,0,1,-104.1008964,47.95396239,2019-05-23,5.898939445
2019-05-23 09:49:45+00:00,4.95,1583.85,2.98,4.42,0,1,-103.2740151,47.93060675,2019-05-23,7.620475297
2019-05-23 09:49:45+00:00,0.76,1709.85,0.45,0.52,0,1,-103.0596825,47.90334838,2019-05-23,4.750410301
2019-05-23 09:49:45+00:00,0.52,1628.85,0.31,0.42,0,1,-103.2538826,47.9031408,2019-05-23,4.327812301
2019-05-23 09:49:45+00:00,0.75,1514.85,0.44,0.76,0,1,-102.8377934,47.84894255,2019-05-23,4.723796311
2019-05-23 09:49:45+00:00,0.85,1655.85,0.53,0.67,0,1,-103.8793125,48.01853676,2019-05-23,4.948766479
2019-05-23 09:49:45+00:00,0.57,1828.85,0.67,0.65,0,1,-102.6037789,47.75890375,2019-05-23,5.247430488
2019-05-23 09:49:45+00:00,0.33,1758.85,0.2,0.2,0,1,-102.9943671,47.90453474,2019-05-23,3.878693769
2019-05-23 09:49:45+00:00,0.455,1669.85,0.55,0.7,0,1,-103.5348956,47.90690318,2019-05-23,4.994806474
2019-05-23 09:49:45+00:00,0.44,1585.85,0.26,0.39,0,1,-103.2877139,47.84931625,2019-05-23,4.141630312
2019-05-23 09:49:45+00:00,0.94,1521.85,0.56,0.95,0,1,-103.1877267,47.85804014,2019-05-23,5.017356963
2019-05-23 09:49:45+00:00,0.42,1691.85,0.25,0.3,0,1,-102.9042799,47.78668805,2019-05-23,4.101219331
2019-05-23 09:49:45+00:00,1.9,1680.85,1.14,1.37,0,1,-103.1225328,47.87560528,2019-05-23,5.993137012
2019-05-23 09:49:45+00:00,6.73,1540.85,3.93,6.4,0,1,-102.5110628,47.81728739,2019-05-23,8.16631506
2019-05-23 09:49:45+00:00,0.44,1726.85,0.28,0.31,0,1,-104.3316751,48.06195344,2019-05-23,4.219077485
2019-05-23 09:49:45+00:00,4.54,1539.85,2.81,4.58,0,1,-103.7793452,47.92326905,2019-05-23,7.509388505
2019-05-23 09:49:45+00:00,0.61,1539.85,0.36,0.59,0,1,-102.7911555,47.82357833,2019-05-23,4.492660682
2019-05-23 09:49:45+00:00,1.29,1586.35,1.51,2.24,0,1,-102.5670825,47.81598135,2019-05-23,6.429426418
2019-05-23 09:49:45+00:00,2.07,1571.85,1.24,1.88,0,1,-103.1303823,47.81743377,2019-05-23,6.120450852
2019-05-23 09:49:45+00:00,0.3,1675.85,0.18,0.22,0,1,-102.8763666,47.84907615,2019-05-23,3.777862262
2019-05-23 09:49:46+00:00,1.71,1552.85,1.01,1.6,0,1,-102.9560583,47.73155747,2019-05-23,5.81444594
2019-05-23 09:49:46+00:00,1.14,1515.85,0.67,1.16,0,1,-102.9245798,47.75836272,2019-05-23,5.247430488
2019-05-23 09:49:46+00:00,2.03,1633.85,1.19,1.59,0,1,-102.798457,47.66686446,2019-05-23,6.057797253
2019-05-23 09:49:46+00:00,2.56,1599.85,1.5,2.14,0,1,-102.6309918,47.70003875,2019-05-23,6.418755134
2019-05-23 09:49:46+00:00,1.39,1578.85,0.83,1.24,0,1,-103.0530049,47.78823214,2019-05-23,5.536018295
2019-05-23 09:49:46+00:00,2.06,1602.85,1.23,1.75,0,1,-103.1708738,47.76126209,2019-05-23,6.10807374
2019-05-23 09:49:46+00:00,0.73,1711.85,0.44,0.5,0,1,-103.2281469,47.7311105,2019-05-23,4.723796311
2019-05-23 09:49:46+00:00,0.8,1584.85,0.47,0.69,0,1,-102.5600101,47.63070377,2019-05-23,4.802335065
2019-05-23 09:49:46+00:00,2.82,1585.85,1.65,2.44,0,1,-102.6010427,47.71299935,2019-05-23,6.573535
2019-05-23 09:49:46+00:00,0.28,1705.85,0.17,0.19,0,1,-103.2518637,47.73227743,2019-05-23,3.724261984
2019-05-23 09:49:48+00:00,0.43,1556.85,0.25,0.4,0,1,-102.7910447,47.55710207,2019-05-23,4.101219331
2019-05-23 09:49:48+00:00,0.91,1622.85,0.53,0.73,0,1,-102.5180758,47.55994945,2019-05-23,4.948766479
2019-05-23 09:49:48+00:00,6.97,1564.85,4.11,6.35,0,1,-102.9326785,47.66178456,2019-05-23,8.258258044
2019-05-23 09:49:48+00:00,0.86,1865.85,0.51,0.43,0,1,-103.2076541,47.70176763,2019-05-23,4.901404414
2019-05-23 09:49:48+00:00,1.35,1582.85,0.79,1.17,0,1,-102.4960869,47.56172208,2019-05-23,5.468078823
2019-05-23 09:49:48+00:00,1.84,1582.85,1.08,1.61,0,1,-102.8864755,47.60071706,2019-05-23,5.912673972
2019-05-23 09:49:48+00:00,3.09,1507.85,1.8,3.16,0,1,-102.6048142,47.58857607,2019-05-23,6.718094675
2019-05-23 09:49:50+00:00,0.53,1702.85,0.31,0.36,0,1,-102.8928344,47.5442571,2019-05-23,4.327812301
2019-05-23 09:49:50+00:00,0.94,1577.85,0.55,0.83,0,1,-102.8174013,47.53016633,2019-05-23,4.994806474
2019-05-23 09:49:50+00:00,4.75,1509.85,2.79,4.88,0,1,-102.8762976,47.52470117,2019-05-23,7.495990792
2019-05-23 09:49:50+00:00,1.1,1556.85,0.65,1.02,0,1,-102.9617207,47.48439208,2019-05-23,5.207824408
2019-05-23 09:49:50+00:00,0.33,1697.85,0.19,0.23,0,1,-102.7824538,47.4726638,2019-05-23,3.829273566
2019-05-23 09:49:50+00:00,0.72,1526.85,0.42,0.71,0,1,-102.8056246,47.54853956,2019-05-23,4.66917677
2019-05-23 09:49:50+00:00,0.47,1723.85,0.82,0.93,0,1,-102.6455982,47.50102105,2019-05-23,5.519267669
2019-05-23 09:49:50+00:00,0.86,1612.85,0.51,0.71,0,1,-102.7924232,47.53096339,2019-05-23,4.901404414
2019-05-23 09:49:50+00:00,0.815,1589.85,0.95,1.4,0,1,-102.6206902,47.47098528,2019-05-23,5.72609956
2019-05-23 09:49:50+00:00,1.3,1567.85,0.77,1.17,0,1,-102.8933088,47.48505587,2019-05-23,5.433137234
2019-05-23 09:49:50+00:00,8.66,1569.85,5.05,7.71,0,1,-102.6159238,47.41548903,2019-05-23,8.69462465
2019-05-23 09:49:50+00:00,0.99,1551.85,0.58,0.92,0,1,-102.6115034,47.50110413,2019-05-23,5.061567023
2019-05-23 09:50:54+00:00,0.72,1872.85,0.49,0.41,0,1,-106.2978897,44.06897964,2019-05-23,4.852628154
2019-05-23 09:50:56+00:00,0.67,1532.85,0.43,0.71,0,1,-105.7793199,43.85314218,2019-05-23,4.696724731
2019-05-23 09:51:02+00:00,0.38,1661.85,0.48,0.6,0,1,-105.4776171,43.48335875,2019-05-23,4.827678082
2019-05-23 09:51:03+00:00,0.64,1695.85,0.41,0.48,0,1,-105.6785695,43.41782448,2019-05-23,4.641132398
2019-05-23 09:53:54+00:00,0.63,1690.85,0.8,0.95,0,1,-118.8934178,34.47846838,2019-05-23,5.485301332
2019-05-23 09:53:56+00:00,0.32,1705.85,0.3,0.34,0,1,-101.7868019,32.26394059,2019-05-23,4.292480266
2019-05-23 09:53:56+00:00,0.5,1619.85,0.34,0.47,0,1,-103.851343,32.62267056,2019-05-23,4.428918849
2019-05-23 09:53:56+00:00,0.94,1523.85,0.6,1.01,0,1,-104.4448498,32.71723133,2019-05-23,5.104648073
2019-05-23 09:53:56+00:00,1.59,1503.85,1.11,1.97,0,1,-103.5406214,32.60842281,2019-05-23,5.953313298
2019-05-23 09:53:56+00:00,0.63,1660.85,0.56,0.71,0,1,-101.9749693,32.263971,2019-05-23,5.017356963
2019-05-23 09:53:56.333333+00:00,2.233333333,1643.516667,5.99,7.78,0,1,-101.9328434,32.21080829,2019-05-23,9.07370591
2019-05-23 09:53:57+00:00,2.87,1541.85,2.44,3.96,0,1,-102.2667604,32.17862373,2019-05-23,7.248955774
2019-05-23 09:53:57+00:00,1.01,1601.85,0.71,1.01,0,1,-103.5503563,32.4407054,2019-05-23,5.324055582
2019-05-23 09:53:57+00:00,0.45,1608.85,0.4,0.57,0,1,-101.987301,32.09594738,2019-05-23,4.612570227
2019-05-23 09:53:59+00:00,0.37,2168.85,0.33,0.16,0,1,-102.1248742,32.098788,2019-05-23,4.395987801
2019-05-23 09:53:59+00:00,0.65,1677.35,1.08,1.31,0,1,-102.4284365,32.15026077,2019-05-23,5.912673972
2019-05-23 09:54:01+00:00,0.5,1698.85,0.33,0.39,0,1,-104.0845115,32.28230675,2019-05-23,4.395987801
2019-05-23 09:54:01+00:00,0.46,1558.85,0.3,0.48,0,1,-104.205052,32.34586542,2019-05-23,4.292480266
2019-05-23 09:54:01+00:00,0.535,1759.35,0.73,0.81,0,1,-103.7827907,32.26370139,2019-05-23,5.361159259
2019-05-23 09:54:01+00:00,0.68,1510.85,0.45,0.79,0,1,-104.124693,32.296362,2019-05-23,4.750410301
2019-05-23 09:54:01+00:00,1.04,1588.85,0.68,1,0,1,-104.1883751,32.3207659,2019-05-23,5.266901807
2019-05-23 09:54:01+00:00,9.49,1600.85,6.44,9.2,0,1,-103.9302278,32.27237388,2019-05-23,9.239521075
2019-05-23 09:54:02+00:00,1.03,1682.35,1.45,1.76,0,1,-103.7099398,32.2130769,2019-05-23,6.364583581
2019-05-23 09:54:03+00:00,0.35,1686.85,0.25,0.3,0,1,-103.6070015,32.11682187,2019-05-23,4.101219331
2019-05-23 09:54:03+00:00,3.57,1658.85,3.21,4.06,0,1,-102.0259857,31.84569667,2019-05-23,7.763440908
2019-05-23 09:54:03+00:00,1.55,1599.85,1.1,1.57,0,1,-103.5829146,32.12686973,2019-05-23,5.939859397
2019-05-23 09:54:04+00:00,0.39,1654.85,0.36,0.46,0,1,-101.8747825,31.72977748,2019-05-23,4.492660682
2019-05-23 09:54:04+00:00,9.24,1540.85,9.44,15.38,0,1,-101.3534176,31.54591303,2019-05-23,10.16648893
2019-05-23 09:54:04+00:00,4.7,1524.85,4.36,7.35,0,1,-101.8721482,31.70126965,2019-05-23,8.381072854
2019-05-23 09:54:04+00:00,0.25,1835.85,0.18,0.16,0,1,-103.443558,31.98446276,2019-05-23,3.777862262
2019-05-23 09:54:04+00:00,0.39,1576.85,0.26,0.39,0,1,-104.0884013,32.15215314,2019-05-23,4.141630312
2019-05-23 09:54:04+00:00,0.9,1590.85,0.61,0.9,0,1,-103.8966786,32.12398058,2019-05-23,5.125785785
2019-05-23 09:54:04+00:00,1.27,1542.85,0.93,1.51,0,1,-103.3587616,31.95400572,2019-05-23,5.695721303
2019-05-23 09:54:05+00:00,0.935,1612.35,1.65,2.36,0,1,-102.1360717,31.6927315,2019-05-23,6.573535
2019-05-23 09:54:05+00:00,1.5,1524.35,2.78,4.7,0,1,-101.9073897,31.65253174,2019-05-23,7.489264907
2019-05-23 09:54:06+00:00,0.26,1578.85,0.19,0.28,0,1,-103.446405,31.8401872,2019-05-23,3.829273566
2019-05-23 09:54:06+00:00,0.825,1693.85,1.11,1.32,0,1,-104.03902,31.95317155,2019-05-23,5.953313298
2019-05-23 09:54:06+00:00,1.2,1668.85,1.22,1.52,0,1,-101.4020879,31.4796592,2019-05-23,6.095620925
2019-05-23 09:54:06+00:00,0.61,1676.85,0.43,0.52,0,1,-103.8225919,31.9262185,2019-05-23,4.696724731
2019-05-23 09:54:06+00:00,3.58,1565.85,3.21,4.95,0,1,-102.1110993,31.65550567,2019-05-23,7.763440908
2019-05-23 09:54:06+00:00,0.32,1734.85,0.22,0.24,0,1,-103.6791187,31.953731,2019-05-23,3.972223384
2019-05-23 09:54:06+00:00,0.49,1702.85,0.34,0.39,0,1,-103.8930368,31.97142456,2019-05-23,4.428918849
2019-05-23 09:54:06+00:00,8.49,1600.85,5.78,8.25,0,1,-104.0010051,32.00044491,2019-05-23,8.993110986
2019-05-23 09:54:06+00:00,0.55,1986.85,0.39,0.26,0,1,-103.738272,31.91429186,2019-05-23,4.583467385
2019-05-23 09:54:06+00:00,1.01,1588.85,0.71,1.05,0,1,-103.6675189,31.91154113,2019-05-23,5.324055582
2019-05-23 09:54:06+00:00,0.51,1539.85,0.46,0.75,0,1,-102.0975137,31.66978433,2019-05-23,4.776584351
2019-05-23 09:54:06+00:00,0.59,1547.85,0.42,0.68,0,1,-103.5433665,31.92722125,2019-05-23,4.66917677
2019-05-23 09:54:08+00:00,0.33,1691.85,0.24,0.28,0,1,-103.5072903,31.76167698,2019-05-23,4.059577193
2019-05-23 09:54:08+00:00,0.38,1663.85,0.27,0.33,0,1,-103.7951538,31.853073,2019-05-23,4.180891861
2019-05-23 09:54:08+00:00,1.12,1601.85,1.06,1.51,0,1,-101.8335436,31.47990913,2019-05-23,5.885108308
2019-05-23 09:54:08+00:00,0.94,1537.85,0.65,1.07,0,1,-103.8705972,31.90983876,2019-05-23,5.207824408
2019-05-23 09:54:08+00:00,0.5,1572.85,0.36,0.55,0,1,-103.4758163,31.83492168,2019-05-23,4.492660682
2019-05-23 09:54:08+00:00,0.61,1510.85,0.42,0.72,0,1,-104.0304421,31.8946725,2019-05-23,4.66917677
2019-05-23 09:54:08+00:00,0.4,1566.85,0.28,0.43,0,1,-103.8356414,31.84110106,2019-05-23,4.219077485
2019-05-23 09:54:08+00:00,2.9,1560.85,2.04,3.18,0,1,-103.7770828,31.868567,2019-05-23,6.931632598
2019-05-23 09:54:10+00:00,3.21,1521.85,2.24,3.81,0,1,-103.8423952,31.76740071,2019-05-23,7.095614265
2019-05-23 09:54:10+00:00,0.59,1519.85,0.41,0.7,0,1,-103.8958178,31.7843176,2019-05-23,4.641132398
2019-05-23 09:54:10+00:00,2.9,1505.85,1.97,3.47,0,1,-104.080082,31.74081626,2019-05-23,6.871389234
2019-05-23 09:54:10+00:00,0.31,1723.85,0.31,0.34,0,1,-101.5709077,31.34850633,2019-05-23,4.327812301
2019-05-23 09:54:10+00:00,4.18,1742.85,4.02,4.29,0,1,-101.776439,31.36355762,2019-05-23,8.212672542
2019-05-23 09:54:10+00:00,0.77,1635.85,0.54,0.71,0,1,-103.8076042,31.75317655,2019-05-23,4.971946348
2019-05-23 09:54:10+00:00,1.65,1538.85,1.13,1.85,0,1,-104.0331366,31.72847975,2019-05-23,5.979950712
2019-05-23 09:54:10+00:00,1.96,1504.85,1.37,2.41,0,1,-103.8650437,31.749159,2019-05-23,6.274919163
2019-05-23 09:54:10+00:00,0.33,1674.85,0.23,0.29,0,1,-101.2545493,31.20004986,2019-05-23,4.016612658
2019-05-23 09:54:10+00:00,2.81,1502.85,2.51,4.45,0,1,-102.190199,31.44119651,2019-05-23,7.300396092
2019-05-23 09:54:10+00:00,0.59,1581.85,0.41,0.62,0,1,-103.8442936,31.69198275,2019-05-23,4.641132398
2019-05-23 09:54:10+00:00,0.7,1642.85,0.68,0.88,0,1,-101.7954064,31.3431335,2019-05-23,5.266901807
2019-05-23 09:54:10+00:00,0.42,1616.85,0.29,0.41,0,1,-103.7663716,31.70886829,2019-05-23,4.256253565
2019-05-23 09:54:12+00:00,0.31,1626.85,0.22,0.3,0,1,-103.8781303,31.66304367,2019-05-23,3.972223384
2019-05-23 09:54:12+00:00,0.95,1637.85,0.65,0.87,0,1,-103.9710736,31.62431738,2019-05-23,5.207824408
2019-05-23 09:54:12+00:00,4.8,1630.85,3.58,4.8,0,1,-103.3926534,31.55452325,2019-05-23,7.978086675
2019-05-23 09:54:12+00:00,2.31,1510.85,1.59,2.76,0,1,-104.0033875,31.68962725,2019-05-23,6.51294296
2019-05-23 09:54:12+00:00,0.3,1667.85,0.22,0.28,0,1,-103.3868923,31.57884125,2019-05-23,3.972223384
2019-05-23 09:54:13+00:00,0.52,1958.85,0.39,0.28,0,1,-103.4026976,31.40024567,2019-05-23,4.583467385
2019-05-23 09:54:13+00:00,0.61,1525.85,0.42,0.71,0,1,-104.034468,31.6012455,2019-05-23,4.66917677
2019-05-23 09:54:13+00:00,0.86,1521.85,0.59,1,0,1,-104.0557277,31.58804133,2019-05-23,5.083244465
2019-05-23 09:54:15+00:00,1.03,1543.85,0.8,1.3,0,1,-103.1354896,31.25086689,2019-05-23,5.485301332
2019-05-23 09:54:15+00:00,0.37,1588.85,0.27,0.4,0,1,-103.6791762,31.35643583,2019-05-23,4.180891861
2019-05-23 09:54:15+00:00,0.86,1649.85,0.66,0.85,0,1,-103.2242126,31.31058494,2019-05-23,5.22773997
2019-05-23 09:54:17+00:00,0.36,1534.85,0.28,0.47,0,1,-103.2113603,31.20280608,2019-05-23,4.219077485
2019-05-23 09:54:17+00:00,0.65,1898.85,0.47,0.37,0,1,-103.7250245,31.23312655,2019-05-23,4.802335065
2019-05-23 09:54:17+00:00,2.18,1597.85,1.6,2.29,0,1,-103.6295878,31.30952047,2019-05-23,6.523159372
2019-05-23 09:54:17+00:00,0.39,1703.85,0.28,0.32,0,1,-103.6605461,31.230393,2019-05-23,4.219077485
2019-05-23 09:54:17+00:00,0.38,1642.85,0.29,0.39,0,1,-103.2399324,31.2123686,2019-05-23,4.256253565
2019-05-23 09:54:17+00:00,0.27,1744.85,0.22,0.23,0,1,-102.9576478,31.14752983,2019-05-23,3.972223384
2019-05-23 09:54:17+00:00,0.53,1652.85,0.39,0.5,0,1,-103.5900476,31.20140857,2019-05-23,4.583467385
2019-05-23 09:54:17+00:00,0.81,1525.85,0.58,0.98,0,1,-103.7107448,31.31086025,2019-05-23,5.061567023
2019-05-23 09:54:19+00:00,0.3,1653.85,0.24,0.3,0,1,-103.116099,31.07978861,2019-05-23,4.059577193
2019-05-23 09:54:19+00:00,2.16,1520.85,1.58,2.69,0,1,-103.640026,31.21508729,2019-05-23,6.502678242
2019-05-23 09:54:19+00:00,0.49,1566.85,0.36,0.55,0,1,-103.6393242,31.18662495,2019-05-23,4.492660682
2019-05-23 09:54:20+00:00,1.08,1611.85,0.81,1.13,0,1,-103.5182725,31.02676557,2019-05-23,5.502363129
2019-05-23 09:54:20+00:00,1.01,1550.85,0.75,1.19,0,1,-103.6353698,31.10645882,2019-05-23,5.397508183
2019-05-23 09:54:20+00:00,0.51,1638.85,0.43,0.57,0,1,-102.8018524,30.9214268,2019-05-23,4.696724731
2019-05-23 09:54:20+00:00,0.83,1510.85,0.61,1.07,0,1,-103.5927928,31.05456639,2019-05-23,5.125785785
2019-05-23 09:54:22+00:00,0.44,2201.85,0.33,0.15,0,1,-103.626961,30.928634,2019-05-23,4.395987801
2019-05-23 09:54:28+00:00,0.36,1684.85,0.29,0.35,0,1,-97.5271955,29.2629835,2019-05-23,4.256253565
2019-05-23 09:54:33+00:00,0.47,1544.85,0.37,0.59,0,1,-97.8673241,29.0174319,2019-05-23,4.523539892
2019-05-23 09:54:35+00:00,0.34,1795.85,0.26,0.25,0,1,-97.88555,28.9900544,2019-05-23,4.141630312
2019-05-23 09:54:35+00:00,2.52,1558.85,1.97,3.08,0,1,-97.88527475,28.93735138,2019-05-23,6.871389234
2019-05-23 09:54:40+00:00,1.35,1779.85,1,1,0,1,-98.20295219,28.65649973,2019-05-23,5.8
2019-05-23 09:54:42+00:00,0.32,1695.85,0.24,0.28,0,1,-98.28638269,28.56253756,2019-05-23,4.059577193
2019-05-23 09:54:42+00:00,0.54,1590.85,0.39,0.58,0,1,-98.36695675,28.608138,2019-05-23,4.583467385
2019-05-23 09:54:44+00:00,0.82,1528.85,1.18,1.97,0,1,-98.46176575,28.48510893,2019-05-23,6.045030486
2019-05-23 09:54:45+00:00,0.54,1642.85,0.64,0.84,0,1,-99.36411936,28.59681606,2019-05-23,5.187677708
2019-05-23 09:54:45+00:00,0.36,1655.85,0.47,0.6,0,1,-98.992778,28.543476,2019-05-23,4.802335065
2019-05-23 09:54:47+00:00,0.31,1527.85,0.36,0.61,0,1,-99.4929062,28.5142575,2019-05-23,4.492660682
2019-05-23 09:54:54+00:00,0.41,1606.85,0.47,0.66,0,1,-99.816147,28.18116675,2019-05-23,4.802335065
2019-05-23 09:57:03+00:00,5.94,1506.85,16.97,29.84,0,1,-101.1708849,20.57920723,2019-05-23,11.77195123
2019-05-23 10:39:11+00:00,0.705,1658.35,1.39,1.66,0,1,-113.4106076,51.67514279,2019-05-23,6.297696013
2019-05-23 10:39:40+00:00,0.67,1938.35,2.1,1.34,0,1,-104.1292021,47.95528986,2019-05-23,6.982047792
2019-05-23 11:29:00+00:00,0.31,1518.85,0.22,0.37,0,1,-118.7383785,54.5406625,2019-05-23,3.972223384
2019-05-23 11:29:02+00:00,0.3,1641.85,0.23,0.3,0,1,-118.27697,54.36590967,2019-05-23,4.016612658
2019-05-23 12:21:38+00:00,1.11,1615.35,3.38,4.69,0,1,38.08935971,48.28667313,2019-05-23,7.864247422
2019-05-23 12:22:30.500000+00:00,4.735,1578.85,11.19,16.83,0,1,37.93911841,45.12355524,2019-05-23,10.60804895
2019-05-23 12:22:30.500000+00:00,6.615,1573.85,17.26,25.86,0,1,37.99739606,45.11122938,2019-05-23,11.82192477
2019-05-23 12:27:26.500000+00:00,1.4,1657.85,6.16,8.9,0,1,33.68702553,27.87607724,2019-05-23,9.137411247
2019-05-23 15:17:36+00:00,0.43,1645.85,0.34,0.44,0,1,151.1021295,-32.4505615,2019-05-23,4.428918849
2019-05-23 15:18:49+00:00,0.96,1913.85,1.3,1,0,1,173.3000504,-39.97282678,2019-05-23,6.19318184
2019-05-23 15:19:25+00:00,0.35,1682.85,0.34,0.41,0,1,147.1700745,-38.22896738,2019-05-23,4.428918849
2019-05-23 16:35:02+00:00,1.95,1517.85,1.94,3.32,0,1,143.3707339,51.41569078,2019-05-23,6.84507839
2019-05-23 16:50:27+00:00,0.73,1599.85,0.84,1.21,0,1,133.1384078,-2.4395987,2019-05-23,5.552618236
2019-05-23 16:53:22+00:00,0.72,1637.85,0.76,1.01,0,1,130.9171906,-12.52463688,2019-05-23,5.415410612
2019-05-23 16:55:12+00:00,1.06,1593.85,0.83,1.21,0,1,148.0229825,-21.83281183,2019-05-23,5.536018295
2019-05-23 16:55:30+00:00,0.87,1957.85,0.82,0.58,0,1,148.6013537,-22.97688497,2019-05-23,5.519267669
2019-05-23 16:55:30+00:00,0.37,1664.85,0.35,0.44,0,1,148.5948722,-22.94893088,2019-05-23,4.46113129
2019-05-23 17:25:17+00:00,0.63,1545.35,1.18,1.91,0,1,143.3902217,51.54257967,2019-05-23,6.045030486
2019-05-23 18:19:43+00:00,0.53,1813.85,0.48,0.44,0,1,120.8254666,39.96724271,2019-05-23,4.827678082
2019-05-23 18:20:15+00:00,0.91,1694.85,0.96,1.13,0,1,119.5275271,38.13986365,2019-05-23,5.741109124
2019-05-23 18:20:15+00:00,0.56,1521.85,0.68,1.16,0,1,118.7763164,38.21310722,2019-05-23,5.266901807
2019-05-23 18:20:49+00:00,0.38,1561.85,0.62,0.97,0,1,113.096264,36.47222767,2019-05-23,5.146665181
2019-05-23 18:25:19+00:00,0.89,1573.85,0.76,1.15,0,1,113.8644868,20.51707511,2019-05-23,5.415410612
2019-05-23 18:25:33+00:00,1.12,1503.85,1.27,2.24,0,1,112.3995228,19.80694088,2019-05-23,6.157138514
2019-05-23 18:26:44+00:00,0.27,1896.85,0.16,0.13,0,1,120.6041388,14.52553217,2019-05-23,3.668242086
2019-05-23 18:28:21+00:00,4.37,1534.85,7.92,13.06,0,1,108.5071227,10.38496767,2019-05-23,9.729920436
2019-05-23 18:28:31+00:00,0.5,1903.85,0.98,0.77,0,1,107.9700384,9.732016792,2019-05-23,5.770779927
2019-05-23 18:28:35+00:00,1.49,1639.85,3.01,3.97,0,1,107.8281821,9.554963851,2019-05-23,7.639582364
2019-05-23 18:28:51+00:00,0.94,1592.85,1.52,2.21,0,1,108.6764977,8.4885342,2019-05-23,6.44004483
2019-05-23 18:29:03+00:00,1.21,1590.85,1.03,1.5,0,1,116.2288403,6.781464688,2019-05-23,5.843019016
2019-05-23 18:29:05+00:00,1,1546.85,0.86,1.38,0,1,116.148851,6.640727375,2019-05-23,5.585378467
2019-05-23 18:29:10+00:00,0.46,1630.85,0.45,0.6,0,1,115.4369279,6.443314875,2019-05-23,4.750410301
2019-05-23 18:29:12+00:00,0.355,1606.35,0.65,0.95,0,1,115.6570167,6.345837333,2019-05-23,5.207824408
2019-05-23 18:29:12+00:00,0.35,1601.85,0.58,0.82,0,1,108.3122034,7.344400708,2019-05-23,5.061567023
2019-05-23 18:29:51+00:00,0.4,1658.85,0.54,0.69,0,1,111.6455796,4.500401,2019-05-23,4.971946348
2019-05-23 18:29:58+00:00,0.92,1593.85,1.21,1.76,0,1,111.7218373,4.065846333,2019-05-23,6.083091319
2019-05-23 18:30:00+00:00,1.38,1509.85,1.52,2.64,0,1,112.4531144,3.883197833,2019-05-23,6.44004483
2019-05-23 18:30:04+00:00,1.41,1668.85,1.44,1.79,0,1,112.7103857,3.630796833,2019-05-23,6.353581667
2019-05-23 18:30:04+00:00,0.73,1611.85,0.76,1.06,0,1,112.676236,3.627638,2019-05-23,5.415410612
2019-05-23 18:30:05+00:00,0.52,1723.85,0.51,0.57,0,1,112.8295622,3.565895,2019-05-23,4.901404414
2019-05-23 18:30:05+00:00,0.62,2101.85,0.67,0.37,0,1,112.4096093,3.605445667,2019-05-23,5.247430488
2019-05-23 18:30:09+00:00,1.45,1720.85,1.35,1.5,0,1,113.0613719,3.271858857,2019-05-23,6.251891548
2019-05-23 18:30:39+00:00,0.43,1673.85,0.86,1.05,0,1,130.8969837,-1.284071571,2019-05-23,5.585378467
2019-05-23 18:30:45+00:00,1.38,1599.85,2.57,3.68,0,1,130.5188687,-1.559820429,2019-05-23,7.343638236
2019-05-23 18:30:54+00:00,0.26,1532.85,0.16,0.26,0,1,117.4370785,-0.0866945,2019-05-23,3.668242086
2019-05-23 18:31:06+00:00,0.98,1551.85,0.58,0.92,0,1,117.2664916,-0.8488487,2019-05-23,5.061567023
2019-05-23 18:32:15+00:00,0.52,1690.85,1.34,1.58,0,1,104.009822,-2.946126125,2019-05-23,6.240281672
2019-05-23 18:32:47+00:00,1.87,1531.85,2.52,4.19,0,1,106.3828251,-5.1861975,2019-05-23,7.307656564
2019-05-23 18:32:47+00:00,0.76,1634.85,0.68,0.9,0,1,113.0055796,-6.320444917,2019-05-23,5.266901807
2019-05-23 18:32:51+00:00,0.9,1529.85,1.21,2.03,0,1,106.3312989,-5.442167,2019-05-23,6.083091319
2019-05-23 18:32:53+00:00,0.34,1657.85,0.46,0.59,0,1,106.2551897,-5.453429417,2019-05-23,4.776584351
2019-05-23 18:32:55+00:00,0.93,1560.85,0.95,1.48,0,1,107.495616,-5.8977615,2019-05-23,5.72609956
2019-05-23 18:32:56+00:00,0.62,1728.85,1.2,1.45,0,1,107.7307053,-5.915141833,2019-05-23,6.070483808
2019-05-23 18:33:03+00:00,0.79,1802.85,0.56,0.53,0,1,111.9693679,-7.109266375,2019-05-23,5.017356963
2019-05-23 18:33:03+00:00,0.4,1646.85,0.33,0.42,0,1,108.2847273,-6.44412125,2019-05-23,4.395987801
2019-05-23 18:33:03+00:00,0.64,1899.85,1.31,1.04,0,1,107.3538907,-6.280449946,2019-05-23,6.205057603
2019-05-23 18:33:34+00:00,1.15,1721.85,1.39,1.55,0,1,126.6136519,-11.06537215,2019-05-23,6.297696013
2019-05-23 18:36:33+00:00,2.36,1501.85,1.7,3.01,0,1,116.7708513,-20.61468566,2019-05-23,6.622778404
2019-05-23 18:36:39+00:00,0.84,1583.35,1.04,1.55,0,1,115.3851998,-20.8191301,2019-05-23,5.857149758
2019-05-23 18:53:41.500000+00:00,0.4775,1636.85,3.73,4.92,0,1,107.9361507,9.536694333,2019-05-23,8.060374149
2019-05-23 19:09:49.500000+00:00,0.58,1755.35,1.49,1.54,0,1,120.6125119,39.79987171,2019-05-23,6.40803036
2019-05-23 19:10:19+00:00,0.795,1760.35,2.23,2.38,0,1,119.2325436,38.2539024,2019-05-23,7.08768176
2019-05-23 19:10:22+00:00,1.465,1549.85,3.66,5.95,0,1,119.6481277,38.0000261,2019-05-23,8.022288292
2019-05-23 19:39:19.333333+00:00,0.566666667,1690.516667,3.07,3.67,0,1,104.0411205,-3.3722325,2019-05-23,7.677372053
2019-05-23 19:55:17+00:00,2.05,1526.85,2.73,4.59,0,1,97.27470663,60.87232206,2019-05-23,7.455360619
2019-05-23 19:55:17+00:00,1.15,1568.85,1.5,2.3,0,1,97.4786194,60.8717742,2019-05-23,6.418755134
2019-05-23 19:55:17+00:00,1.15,1574.85,1.49,2.26,0,1,97.49396,60.87175,2019-05-23,6.40803036
2019-05-23 19:55:19+00:00,3.29,1526.85,4.34,7.29,0,1,97.35383107,60.8438315,2019-05-23,8.371444955
2019-05-23 19:55:44+00:00,5.36,1528.85,3.52,5.88,0,1,107.5996143,58.44897467,2019-05-23,7.944446769
2019-05-23 19:55:45+00:00,0.835,1605.85,1.1,1.56,0,1,107.4905418,58.42822764,2019-05-23,5.939859397
2019-05-23 19:55:53+00:00,2.16,1633.85,1.5,2,0,1,106.5497997,58.09528467,2019-05-23,6.418755134
2019-05-23 19:55:53+00:00,1.12,1605.85,0.77,1.09,0,1,106.6335254,58.06727294,2019-05-23,5.433137234
2019-05-23 19:55:57+00:00,3.26,1725.85,4.73,5.23,0,1,105.8867698,57.87375996,2019-05-23,8.553488558
2019-05-23 19:58:40+00:00,0.47,1723.85,0.62,0.69,0,1,116.9200816,45.642904,2019-05-23,5.146665181
2019-05-23 20:00:26+00:00,0.99,1674.85,3.98,4.79,0,1,119.4925415,38.11713642,2019-05-23,8.192166333
2019-05-23 20:00:57+00:00,0.75,1601.85,0.55,0.78,0,1,106.9971714,39.34128638,2019-05-23,4.994806474
2019-05-23 20:00:59+00:00,0.35,1582.85,0.32,0.47,0,1,108.4360844,38.84254433,2019-05-23,4.362299588
2019-05-23 20:01:47+00:00,0.52,1555.85,0.36,0.57,0,1,108.1179389,35.98004625,2019-05-23,4.492660682
2019-05-23 20:01:47+00:00,0.46,1920.85,0.47,0.36,0,1,108.061339,36.00128367,2019-05-23,4.802335065
2019-05-23 20:01:49+00:00,0.76,1500.85,0.53,0.95,0,1,108.1799438,35.88009014,2019-05-23,4.948766479
2019-05-23 20:05:51+00:00,0.39,1798.85,0.42,0.4,0,1,108.7167985,20.81706682,2019-05-23,4.66917677
2019-05-23 20:05:54+00:00,0.42,1629.85,1.05,1.41,0,1,112.3993123,19.8082815,2019-05-23,5.87117896
2019-05-23 20:06:00.500000+00:00,0.64,1683.85,3.06,3.82,0,1,112.1083426,19.43575808,2019-05-23,7.67111247
2019-05-23 20:06:25+00:00,0.96,2002.85,0.94,0.62,0,1,88.1207429,22.0648198,2019-05-23,5.710971028
2019-05-23 20:07:27+00:00,0.89,1585.85,0.65,0.96,0,1,99.979188,16.64927838,2019-05-23,5.207824408
2019-05-23 20:08:43+00:00,1.05,1666.85,2.08,2.58,0,1,108.3942241,10.4219036,2019-05-23,6.965364166
2019-05-23 20:08:51+00:00,12.58,1663.85,49.77,64.47,0,1,108.2683214,9.9977618,2019-05-23,15.40529091
2019-05-23 20:08:52+00:00,5.57,1528.85,10.35,17.31,0,1,107.9702865,9.970898242,2019-05-23,10.40310737
2019-05-23 20:09:17+00:00,0.51,1737.85,0.45,0.48,0,1,101.4016964,9.692681143,2019-05-23,4.750410301
2019-05-23 20:09:40+00:00,0.37,1808.85,0.38,0.36,0,1,101.788527,8.23713905,2019-05-23,4.55379937
2019-05-23 20:10:14+00:00,0.35,2128.85,0.43,0.23,0,1,105.0442425,5.643018,2019-05-23,4.696724731
2019-05-23 20:10:14+00:00,0.9,1802.85,1.31,1.24,0,1,105.674525,5.518683,2019-05-23,6.205057603
2019-05-23 20:10:18+00:00,0.71,1622.85,0.69,0.95,0,1,103.904563,5.608368,2019-05-23,5.286159539
2019-05-23 20:10:21+00:00,6.38,1516.85,10.47,17.98,0,1,106.0954163,4.95641975,2019-05-23,10.43313108
2019-05-23 20:10:23+00:00,0.94,1645.85,1.52,1.98,0,1,106.0033916,4.902141889,2019-05-23,6.44004483
2019-05-23 20:10:23+00:00,1.23,1703.85,1.38,1.59,0,1,104.4371589,5.225886067,2019-05-23,6.286338535
2019-05-23 20:10:34.333333+00:00,1.56,1643.183333,4.24,5.78,0,1,103.36488,4.661652,2019-05-23,8.322799985
2019-05-23 20:10:35+00:00,1.13,1664.85,1.03,1.29,0,1,103.379159,4.657616591,2019-05-23,5.843019016
2019-05-23 20:10:46+00:00,0.35,2128.85,0.27,0.14,0,1,97.60918725,4.93883325,2019-05-23,4.180891861
2019-05-23 20:11:32+00:00,0.35,1523.85,0.43,0.73,0,1,100.9829429,1.528103857,2019-05-23,4.696724731
2019-05-23 20:11:38+00:00,0.39,1654.85,0.33,0.43,0,1,102.2594824,1.050790267,2019-05-23,4.395987801
2019-05-23 20:12:12+00:00,0.52,2044.85,0.66,0.41,0,1,103.4820176,-1.2232925,2019-05-23,5.22773997
2019-05-23 20:12:12.500000+00:00,0.68,1748.85,1.69,2.01,0,1,103.382173,-1.201984667,2019-05-23,6.613017466
2019-05-23 20:12:40+00:00,1.12,1692.85,1.7,2.01,0,1,103.9224376,-2.887411333,2019-05-23,6.622778404
2019-05-23 20:12:47+00:00,0.35,1691.85,0.55,0.66,0,1,104.0143899,-3.36730875,2019-05-23,4.994806474
2019-05-23 20:12:47+00:00,0.35,1667.85,0.46,0.57,0,1,103.216049,-3.240615852,2019-05-23,4.776584351
2019-05-23 20:12:49+00:00,0.45,1578.85,0.8,1.2,0,1,104.4827093,-3.525654444,2019-05-23,5.485301332
2019-05-23 20:12:49+00:00,0.37,1588.85,0.64,0.94,0,1,104.3550009,-3.559905136,2019-05-23,5.187677708
2019-05-23 20:51:58.500000+00:00,0.64,1769.35,1.42,1.4,0,1,90.97348017,38.206703,2019-05-23,6.331404778
2019-05-23 21:36:40+00:00,7.615,1587.35,18.19,26.9,0,1,72.97755523,61.27959758,2019-05-23,11.97805129
2019-05-23 21:36:46+00:00,0.49,1562.85,0.54,0.84,0,1,73.5060608,60.9035684,2019-05-23,4.971946348
2019-05-23 21:36:46+00:00,6.68,1517.85,5.02,8.61,0,1,70.86412608,60.96031446,2019-05-23,8.681682975
2019-05-23 21:36:46+00:00,1.03,1632.85,0.83,1.1,0,1,70.25674779,61.00449636,2019-05-23,5.536018295
2019-05-23 21:36:46+00:00,0.43,1765.85,0.48,0.49,0,1,73.5159682,60.90344,2019-05-23,4.827678082
2019-05-23 21:36:46+00:00,2.86,1539.85,3.3,5.4,0,1,73.17888434,60.91629234,2019-05-23,7.817294593
2019-05-23 21:36:48+00:00,1.7,1592.85,2.08,3.02,0,1,72.68254658,60.863425,2019-05-23,6.965364166
2019-05-23 21:36:48+00:00,16.13,1544.85,21.76,35.11,0,1,71.80129425,60.8932205,2019-05-23,12.52687421
2019-05-23 21:36:50+00:00,1.85,1525.85,2.32,3.91,0,1,72.44599062,60.77604262,2019-05-23,7.158136731
2019-05-23 21:36:50+00:00,2.41,1703.85,3.83,4.42,0,1,70.33516575,60.8114695,2019-05-23,8.113863309
2019-05-23 21:36:50+00:00,7.21,1501.85,5.84,10.36,0,1,70.17605975,60.76252275,2019-05-23,9.016359205
2019-05-23 21:36:50+00:00,17.03,1556.85,12.85,20.2,0,1,70.79495,60.8403332,2019-05-23,10.98130049
2019-05-23 21:36:53+00:00,16.25,1502.85,19.97,35.37,0,1,72.54145033,60.49780267,2019-05-23,12.2609045
2019-05-23 21:36:53+00:00,1.03,1556.85,1.2,1.89,0,1,73.01175688,60.5049255,2019-05-23,6.070483808
2019-05-23 21:36:53+00:00,2.84,1525.85,3.33,5.6,0,1,72.95891656,60.53534578,2019-05-23,7.835000923
2019-05-23 21:36:53+00:00,0.67,1912.85,0.86,0.66,0,1,72.21454614,60.50055786,2019-05-23,5.585378467
2019-05-23 21:36:55+00:00,1.83,1514.85,1.96,3.38,0,1,73.687391,60.356198,2019-05-23,6.862652548
2019-05-23 21:36:55+00:00,0.68,1610.85,0.89,1.24,0,1,72.04269565,60.43236335,2019-05-23,5.633463635
2019-05-23 21:36:58+00:00,0.96,1604.85,0.7,1,0,1,70.90283788,60.30580975,2019-05-23,5.305209072
2019-05-23 21:36:59+00:00,0.63,1636.35,1.35,1.8,0,1,73.57403133,60.11271111,2019-05-23,6.251891548
2019-05-23 21:37:00+00:00,17.66,1565.85,15.64,24.13,0,1,69.29913421,60.18158433,2019-05-23,11.53419211
2019-05-23 21:37:02+00:00,1.23,1653.85,1,1.28,0,1,75.98185212,59.81691718,2019-05-23,5.8
2019-05-23 21:37:06+00:00,5.78,1514.85,7.63,13.17,0,1,71.74214419,59.75984813,2019-05-23,9.639602553
2019-05-23 21:37:09+00:00,5.21,1627.85,3.71,5.01,0,1,77.03676454,59.26759226,2019-05-23,8.049547565
2019-05-23 21:37:10+00:00,1.88,1670.85,3.02,4.1,0,1,79.78092907,58.98029777,2019-05-23,7.645919642
2019-05-23 21:37:11+00:00,2.39,1514.85,1.79,3.09,0,1,76.5557098,59.2738488,2019-05-23,6.708744485
2019-05-23 21:37:16+00:00,1.11,1634.85,0.79,1.05,0,1,76.8399825,58.89367067,2019-05-23,5.468078823
2019-05-23 21:37:16+00:00,1.13,1691.85,0.81,0.96,0,1,76.833928,58.8915118,2019-05-23,5.502363129
2019-05-23 21:37:20+00:00,1.3,1521.85,1.49,2.53,0,1,72.7614041,58.92290255,2019-05-23,6.40803036
2019-05-23 21:37:23+00:00,1.14,1533.85,1.12,1.85,0,1,73.99193886,58.70170486,2019-05-23,5.966676599
2019-05-23 21:37:25+00:00,1.21,1577.85,1.03,1.54,0,1,78.89357326,58.15788793,2019-05-23,5.843019016
2019-05-23 21:37:25+00:00,1.24,1530.85,1.05,1.75,0,1,78.90724175,58.1594485,2019-05-23,5.87117896
2019-05-23 21:37:25+00:00,1.08,1645.85,0.91,1.19,0,1,78.88054556,58.15888394,2019-05-23,5.664849048
2019-05-23 21:37:29+00:00,0.5,1661.85,0.4,0.5,0,1,75.71579858,58.20985983,2019-05-23,4.612570227
2019-05-23 21:37:29+00:00,0.4,1605.85,0.32,0.46,0,1,79.3043236,57.9026794,2019-05-23,4.362299588
2019-05-23 21:37:31+00:00,3.4,1512.35,5.41,9.39,0,1,75.61541089,58.07041128,2019-05-23,8.84560027
2019-05-23 21:37:34+00:00,0.41,1587.35,0.78,1.16,0,1,68.4090974,58.271653,2019-05-23,5.450692025
2019-05-23 21:37:34+00:00,0.39,1731.85,0.37,0.4,0,1,68.40088267,58.2628745,2019-05-23,4.523539892
2019-05-23 21:37:36+00:00,3.73,1595.85,3.23,4.68,0,1,78.39753687,57.61034119,2019-05-23,7.775505343
2019-05-23 21:37:38+00:00,1.84,1525.85,1.33,2.24,0,1,76.29949325,57.67819804,2019-05-23,6.228606631
2019-05-23 21:37:38+00:00,18.72,1600.85,16.09,23,0,1,78.42943834,57.4649566,2019-05-23,11.6162782
2019-05-23 21:37:39+00:00,0.99,1518.85,0.77,1.31,0,1,79.39152983,57.2691695,2019-05-23,5.433137234
2019-05-23 21:38:24+00:00,0.58,1564.85,0.55,0.85,0,1,73.28218696,55.0857802,2019-05-23,4.994806474
2019-05-23 21:40:37+00:00,0.3,1685.85,0.25,0.3,0,1,85.22358525,45.37232875,2019-05-23,4.101219331
2019-05-23 21:40:46+00:00,0.77,1672.85,0.81,0.99,0,1,89.05504867,43.96942033,2019-05-23,5.502363129
2019-05-23 21:40:57+00:00,1.83,1533.85,2.33,3.85,0,1,64.99176618,46.46519545,2019-05-23,7.165837803
2019-05-23 21:40:59+00:00,0.59,1566.85,0.76,1.17,0,1,64.89006687,46.41797549,2019-05-23,5.415410612
2019-05-23 21:41:09+00:00,1.04,1575.85,1.17,1.77,0,1,65.63870751,45.768852,2019-05-23,6.032182314
2019-05-23 21:41:59+00:00,0.75,1786.85,0.61,0.6,0,1,83.004871,40.78068775,2019-05-23,5.125785785
2019-05-23 21:43:50+00:00,0.605,1777.85,2.6,2.67,0,1,60.8451015,36.46356575,2019-05-23,7.364975908
2019-05-23 21:46:15+00:00,0.34,1610.85,0.3,0.42,0,1,67.54691194,27.41924939,2019-05-23,4.292480266
2019-05-23 21:46:40+00:00,0.51,1568.85,0.33,0.51,0,1,71.56507,25.44659714,2019-05-23,4.395987801
2019-05-23 21:46:42+00:00,0.48,1572.85,0.31,0.46,0,1,71.7687154,25.29857627,2019-05-23,4.327812301
2019-05-23 21:46:49+00:00,0.51,1615.85,0.51,0.7,0,1,68.58036851,25.38266322,2019-05-23,4.901404414
2019-05-23 21:47:00+00:00,1.28,1532.85,1.21,2.01,0,1,66.7050985,24.9082505,2019-05-23,6.083091319
2019-05-23 21:47:09+00:00,0.75,1724.85,1.41,1.56,0,1,86.00616275,20.96034925,2019-05-23,6.32022838
2019-05-23 21:47:12+00:00,0.62,1563.85,0.36,0.57,0,1,72.42221171,23.40212343,2019-05-23,4.492660682
2019-05-23 21:47:32+00:00,0.31,2068.85,0.18,0.1,0,1,72.80830367,22.09577033,2019-05-23,3.777862262
2019-05-23 21:47:34+00:00,0.6,1649.85,0.35,0.45,0,1,72.729598,22.01419727,2019-05-23,4.46113129
2019-05-23 21:47:35+00:00,0.67,1579.85,0.38,0.57,0,1,72.755371,21.90485092,2019-05-23,4.55379937
2019-05-23 21:48:20+00:00,1.32,1571.85,3.48,5.3,0,1,57.7974239,20.98583009,2019-05-23,7.921780499
2019-05-23 21:48:20+00:00,0.36,1514.85,0.21,0.36,0,1,71.39020667,19.41613817,2019-05-23,3.926294008
2019-05-23 21:48:23+00:00,1.11,1670.85,0.64,0.79,0,1,72.11911514,19.14238236,2019-05-23,5.187677708
2019-05-23 21:48:38+00:00,0.88,1624.85,0.95,1.29,0,1,81.92109827,16.40892382,2019-05-23,5.72609956
2019-05-23 21:48:39+00:00,0.4,2111.85,0.38,0.21,0,1,81.3789339,16.4833826,2019-05-23,4.55379937
2019-05-23 21:50:09+00:00,1.32,1644.35,2.47,3.21,0,1,79.8076562,11.30303695,2019-05-23,7.271135399
2019-05-23 22:31:15.500000+00:00,4.175,1515.85,10.25,17.65,0,1,64.6842033,46.4260757,2019-05-23,10.37788753
2019-05-23 22:55:11.666667+00:00,1.206666667,1630.85,6.84,10.97,0,1,57.87410477,21.40008131,2019-05-23,9.379766323
2019-05-23 23:20:01+00:00,0.42,1513.85,0.27,0.47,0,1,54.91054763,54.0108015,2019-05-23,4.180891861
2019-05-23 23:20:03+00:00,1.54,1534.85,1.07,1.76,0,1,54.02225183,53.96806383,2019-05-23,5.898939445
2019-05-23 23:20:07+00:00,0.59,1511.85,0.41,0.71,0,1,53.91370693,53.8022527,2019-05-23,4.641132398
2019-05-23 23:20:07+00:00,0.46,1680.85,0.32,0.39,0,1,54.02245,53.771037,2019-05-23,4.362299588
2019-05-23 23:20:09+00:00,0.5,1637.85,0.3,0.4,0,1,55.84705688,53.40687219,2019-05-23,4.292480266
2019-05-23 23:20:12+00:00,0.66,1721.85,0.5,0.56,0,1,52.77377446,53.53897623,2019-05-23,4.877199208
2019-05-23 23:20:14+00:00,0.74,1522.85,0.53,0.9,0,1,53.35082421,53.36311608,2019-05-23,4.948766479
2019-05-23 23:20:17+00:00,0.38,1729.85,0.36,0.39,0,1,50.84470243,53.41995347,2019-05-23,4.492660682
2019-05-23 23:20:21+00:00,1.2,1516.85,1.09,1.87,0,1,51.00961006,53.19009959,2019-05-23,5.926313449
2019-05-23 23:20:26+00:00,1.35,1607.85,0.96,1.36,0,1,53.11320364,52.69719843,2019-05-23,5.741109124
2019-05-23 23:20:28+00:00,0.54,1672.85,0.36,0.45,0,1,53.74637173,52.44984318,2019-05-23,4.492660682
2019-05-23 23:20:30+00:00,2.86,1565.85,2,3.08,0,1,53.27457159,52.48464089,2019-05-23,6.897401267
2019-05-23 23:20:30+00:00,0.95,1568.35,1.35,2.06,0,1,49.57345043,52.84443838,2019-05-23,6.251891548
2019-05-23 23:20:30+00:00,1.4,1506.85,1.2,2.1,0,1,51.35624206,52.64462385,2019-05-23,6.070483808
2019-05-23 23:20:30+00:00,0.72,1607.85,0.45,0.64,0,1,54.74504027,52.29962718,2019-05-23,4.750410301
2019-05-23 23:20:32+00:00,0.24,1863.85,0.19,0.16,0,1,52.14074188,52.51631025,2019-05-23,3.829273566
2019-05-23 23:20:32+00:00,0.36,1666.85,0.22,0.27,0,1,55.27839356,52.06344433,2019-05-23,3.972223384
2019-05-23 23:20:32+00:00,0.47,1615.85,0.44,0.61,0,1,50.51462221,52.63908246,2019-05-23,4.723796311
2019-05-23 23:20:35+00:00,3.42,1549.85,2.21,3.52,0,1,54.11529626,51.97553897,2019-05-23,7.071736369
2019-05-23 23:20:37+00:00,1.23,1540.85,0.76,1.25,0,1,54.69594872,51.86760472,2019-05-23,5.415410612
2019-05-23 23:20:37+00:00,0.93,1547.85,0.77,1.24,0,1,51.44073271,52.2841908,2019-05-23,5.433137234
2019-05-23 23:20:37+00:00,2.77,1574.85,1.81,2.74,0,1,53.9549863,51.95268895,2019-05-23,6.727405986
2019-05-23 23:20:44+00:00,5.5,1502.85,3.9,6.91,0,1,52.8038147,51.6149377,2019-05-23,8.150685677
2019-05-23 23:20:58+00:00,0.29,2034.85,0.37,0.23,0,1,44.92118157,51.4424182,2019-05-23,4.523539892
2019-05-23 23:21:04+00:00,0.57,1730.85,0.59,0.64,0,1,46.25637299,51.09252074,2019-05-23,5.083244465
2019-05-23 23:21:09+00:00,0.61,1589.85,0.73,1.07,0,1,45.18652347,50.81221813,2019-05-23,5.361159259
2019-05-23 23:21:09+00:00,0.95,1784.85,1.27,1.25,0,1,44.53220667,50.90942742,2019-05-23,6.157138514
2019-05-23 23:21:10+00:00,0.495,2027.85,1.21,0.8,0,1,45.11227719,50.75443514,2019-05-23,6.083091319
2019-05-23 23:21:10+00:00,3,1512.35,6.37,11,0,1,46.04215789,50.71823564,2019-05-23,9.214310687
2019-05-23 23:21:21+00:00,1.59,1513.85,1.77,3.06,0,1,45.5852873,49.99708166,2019-05-23,6.689925943
2019-05-23 23:21:27+00:00,1.14,1553.85,0.68,1.08,0,1,57.43278867,48.32784708,2019-05-23,5.266901807
2019-05-23 23:21:29+00:00,2.47,1541.85,2.78,4.52,0,1,45.3848175,49.64405086,2019-05-23,7.489264907
2019-05-23 23:21:29+00:00,7.72,1509.85,4.61,8.03,0,1,57.35214375,48.23401457,2019-05-23,8.498714203
2019-05-23 23:21:30+00:00,0.34,1573.85,0.2,0.31,0,1,57.14794875,48.16171521,2019-05-23,3.878693769
2019-05-23 23:21:30+00:00,0.32,1598.85,0.37,0.53,0,1,65.67684198,46.37599143,2019-05-23,4.523539892
2019-05-23 23:21:32+00:00,0.39,1606.85,0.51,0.72,0,1,66.34877407,45.99869811,2019-05-23,4.901404414
2019-05-23 23:21:32+00:00,0.39,1547.85,0.23,0.36,0,1,56.67260122,48.11278536,2019-05-23,4.016612658
2019-05-23 23:21:35+00:00,1.065,1513.85,2.36,4.08,0,1,65.28068227,46.16361262,2019-05-23,7.188793264
2019-05-23 23:21:37+00:00,0.66,1841.85,0.71,0.62,0,1,65.04233101,46.05167046,2019-05-23,5.324055582
2019-05-23 23:21:37+00:00,0.42,1637.85,0.24,0.32,0,1,56.49789767,47.90538314,2019-05-23,4.059577193
2019-05-23 23:22:02+00:00,0.65,1552.85,0.46,0.73,0,1,51.20547403,47.13112828,2019-05-23,4.776584351
2019-05-23 23:22:42+00:00,1.78,1548.85,1.63,2.6,0,1,48.47834143,45.00072585,2019-05-23,6.553524007
2019-05-23 23:22:43+00:00,0.49,1665.85,0.42,0.52,0,1,48.95923613,44.91431895,2019-05-23,4.66917677
2019-05-23 23:22:56+00:00,0.32,1628.85,0.2,0.27,0,1,51.65663245,43.74476645,2019-05-23,3.878693769
2019-05-23 23:24:03+00:00,1.67,1604.85,0.96,1.37,0,1,52.71597181,39.47093497,2019-05-23,5.741109124
2019-05-23 23:24:03+00:00,3.21,1627.85,1.85,2.5,0,1,52.76144612,39.46837361,2019-05-23,6.764269864
2019-05-23 23:24:03+00:00,0.35,1706.85,0.4,0.48,0,1,52.79392335,39.46125558,2019-05-23,4.612570227
2019-05-23 23:24:03+00:00,10.33,1573.85,5.96,9.02,0,1,52.68995981,39.47569283,2019-05-23,9.062323443
2019-05-23 23:24:12+00:00,0.34,1670.85,0.21,0.26,0,1,54.36060483,38.70649975,2019-05-23,3.926294008
2019-05-23 23:24:27+00:00,0.99,1525.85,1.2,2.02,0,1,60.85272448,36.46305276,2019-05-23,6.070483808
2019-05-23 23:25:04+00:00,0.32,1558.85,0.36,0.57,0,1,42.79809672,36.98826787,2019-05-23,4.492660682
2019-05-23 23:25:06+00:00,0.36,1935.85,0.36,0.27,0,1,43.48811535,36.86866739,2019-05-23,4.492660682
2019-05-23 23:25:06+00:00,0.86,1808.85,0.87,0.82,0,1,43.4291747,36.89113077,2019-05-23,5.60154471
2019-05-23 23:25:06+00:00,0.36,1672.85,0.46,0.57,0,1,42.13274893,37.05325943,2019-05-23,4.776584351
2019-05-23 23:25:07+00:00,0.34,1675.85,0.3,0.37,0,1,44.06958555,36.68996425,2019-05-23,4.292480266
2019-05-23 23:25:15+00:00,0.32,2138.85,0.3,0.15,0,1,43.74531835,36.31384514,2019-05-23,4.292480266
2019-05-23 23:25:16+00:00,0.83,1688.35,2.47,3.04,0,1,41.2807403,36.45733638,2019-05-23,7.271135399
2019-05-23 23:25:18+00:00,0.97,1613.85,0.89,1.24,0,1,43.76906142,36.14501738,2019-05-23,5.633463635
2019-05-23 23:25:18+00:00,12.52,1530.85,11.8,19.64,0,1,43.64041823,36.08280316,2019-05-23,10.74975325
2019-05-23 23:25:18+00:00,0.95,1567.85,0.9,1.38,0,1,43.63069409,36.10170123,2019-05-23,5.649221729
2019-05-23 23:25:18+00:00,0.99,1583.85,0.91,1.35,0,1,43.78963389,36.13220637,2019-05-23,5.664849048
2019-05-23 23:25:20+00:00,9.57,1553.85,8.93,14.14,0,1,43.68349889,36.01826498,2019-05-23,10.02630377
2019-05-23 23:25:20+00:00,34.42,1540.85,31.63,51.5,0,1,43.76215825,35.99942846,2019-05-23,13.75475286
2019-05-23 23:25:22+00:00,0.34,1729.85,0.27,0.3,0,1,40.8163046,36.14034184,2019-05-23,4.180891861
2019-05-23 23:25:23+00:00,1.04,1512.85,0.75,1.3,0,1,45.01528837,35.67765887,2019-05-23,5.397508183
2019-05-23 23:25:23+00:00,0.6,1646.85,0.54,0.7,0,1,43.83450423,35.81152738,2019-05-23,4.971946348
2019-05-23 23:25:23+00:00,1.17,1533.85,1.17,1.94,0,1,43.25609869,35.81388353,2019-05-23,6.032182314
2019-05-23 23:25:25+00:00,1.19,1501.85,1.19,2.11,0,1,43.27532721,35.79612972,2019-05-23,6.057797253
2019-05-23 23:25:27+00:00,1.14,1528.85,0.95,1.58,0,1,44.24962042,35.5825791,2019-05-23,5.72609956
2019-05-23 23:25:27+00:00,0.9,1613.85,0.78,1.09,0,1,44.006783,35.6258191,2019-05-23,5.450692025
2019-05-23 23:25:35+00:00,0.915,1818.35,1.57,1.48,0,1,40.30276523,35.37908315,2019-05-23,6.492364684
2019-05-23 23:25:39+00:00,0.62,1562.85,0.59,0.91,0,1,45.59171093,34.6597783,2019-05-23,5.083244465
2019-05-23 23:25:39+00:00,1.08,1544.85,1.01,1.63,0,1,43.43160913,34.90937124,2019-05-23,5.81444594
2019-05-23 23:26:04+00:00,1.195,1571.85,1.76,2.71,0,1,44.43296635,33.28064691,2019-05-23,6.680456809
2019-05-23 23:26:06+00:00,0.9,1559.85,0.75,1.18,0,1,46.0131805,33.02740575,2019-05-23,5.397508183
2019-05-23 23:26:10+00:00,2.86,1505.85,1.93,3.4,0,1,47.54359071,32.59656567,2019-05-23,6.83624031
2019-05-23 23:26:11+00:00,6.16,1519.85,3.65,6.22,0,1,49.09076457,32.29950962,2019-05-23,8.016802964
2019-05-23 23:26:15+00:00,58.85,1505.85,51.02,89.85,0,1,45.6627868,32.4883724,2019-05-23,15.50112103
2019-05-23 23:26:17+00:00,0.77,1609.85,0.45,0.63,0,1,49.34861183,31.9196405,2019-05-23,4.750410301
2019-05-23 23:26:17+00:00,1.05,1624.85,0.62,0.84,0,1,49.33299414,31.90286718,2019-05-23,5.146665181
2019-05-23 23:26:19+00:00,11.89,1538.85,6.98,11.41,0,1,49.15605388,31.76201622,2019-05-23,9.427398151
2019-05-23 23:26:24+00:00,42.53,1576.85,28.36,42.66,0,1,47.43236263,31.73259332,2019-05-23,13.38457391
2019-05-23 23:26:26+00:00,36.09,1534.85,28.7,47.34,0,1,46.06413256,31.7689323,2019-05-23,13.42451077
2019-05-23 23:26:26+00:00,1.25,1535.85,0.85,1.4,0,1,47.2546,31.69383622,2019-05-23,5.569070619
2019-05-23 23:26:29+00:00,0.67,1721.85,0.39,0.44,0,1,49.21651981,31.20963681,2019-05-23,4.583467385
2019-05-23 23:26:31+00:00,1.67,1503.85,0.96,1.7,0,1,49.84014787,30.93590071,2019-05-23,5.741109124
2019-05-23 23:26:33+00:00,1.23,1543.85,0.71,1.15,0,1,49.98720088,30.76505638,2019-05-23,5.324055582
2019-05-23 23:26:35+00:00,17.78,1534.85,11.03,18.18,0,1,48.02285229,30.991226,2019-05-23,10.56992417
2019-05-23 23:26:36+00:00,11.47,1532.85,6.69,11.1,0,1,50.49916575,30.47536078,2019-05-23,9.327913777
2019-05-23 23:26:36+00:00,3.25,1595.85,1.89,2.74,0,1,50.48855625,30.55129285,2019-05-23,6.800540707
2019-05-23 23:26:38+00:00,7.22,1518.85,4.21,7.21,0,1,50.48118465,30.46275975,2019-05-23,8.308038827
2019-05-23 23:26:38+00:00,0.98,1514.85,0.75,1.29,0,1,46.2194504,30.9962028,2019-05-23,5.397508183
2019-05-23 23:26:40+00:00,4.22,1517.85,2.48,4.26,0,1,50.68522731,30.30960302,2019-05-23,7.2784837
2019-05-23 23:26:40+00:00,1.53,1559.35,1.82,2.86,0,1,50.92655849,30.19506998,2019-05-23,6.736678793
2019-05-23 23:26:40+00:00,8.16,1503.85,4.7,8.31,0,1,49.92209158,30.3529175,2019-05-23,8.539893566
2019-05-23 23:26:40+00:00,6.95,1515.85,4.1,7.07,0,1,50.7427958,30.25381552,2019-05-23,8.253230182
2019-05-23 23:26:42+00:00,0.55,1790.85,0.32,0.31,0,1,49.10176133,30.42581417,2019-05-23,4.362299588
2019-05-23 23:26:44+00:00,0.29,1888.85,0.17,0.14,0,1,50.59595421,30.0534831,2019-05-23,3.724261984
2019-05-23 23:26:44+00:00,89.97,1529.85,57.19,95.5,0,1,47.61164284,30.52607667,2019-05-23,15.94990195
2019-05-23 23:26:45+00:00,37.72,1533.85,23.92,39.54,0,1,47.60941984,30.41863448,2019-05-23,12.82679894
2019-05-23 23:26:45+00:00,8.83,1521.85,5.57,9.46,0,1,47.66865887,30.45345123,2019-05-23,8.910289041
2019-05-23 23:26:45+00:00,0.43,1534.85,0.26,0.43,0,1,48.260962,30.35946563,2019-05-23,4.141630312
2019-05-23 23:26:47+00:00,9.3,1532.85,5.86,9.72,0,1,47.66036609,30.35263918,2019-05-23,9.024068796
2019-05-23 23:26:47+00:00,3.78,1629.85,2.37,3.18,0,1,47.7186833,30.27629718,2019-05-23,7.19639644
2019-05-23 23:26:49+00:00,13.2,1512.85,10.16,17.59,0,1,53.12232977,29.25562782,2019-05-23,10.35503141
2019-05-23 23:26:49+00:00,0.67,1677.85,0.39,0.48,0,1,50.26976967,29.82908475,2019-05-23,4.583467385
2019-05-23 23:26:51+00:00,6.23,1513.85,3.86,6.67,0,1,51.25993751,29.50909877,2019-05-23,8.129705617
2019-05-23 23:26:54+00:00,8.19,1540.85,5.06,8.24,0,1,47.78943576,29.88309547,2019-05-23,8.698925727
2019-05-23 23:26:54+00:00,1.18,1507.85,0.73,1.27,0,1,47.845334,29.83995762,2019-05-23,5.361159259
2019-05-23 23:26:54+00:00,0.83,1506.85,0.51,0.9,0,1,47.77282791,29.86173094,2019-05-23,4.901404414
2019-05-23 23:26:54+00:00,2.46,1526.85,1.51,2.53,0,1,47.88322219,29.79460223,2019-05-23,6.429426418
2019-05-23 23:27:01+00:00,1.74,1507.85,1.19,2.09,0,1,52.09201807,28.68131346,2019-05-23,6.057797253
2019-05-23 23:27:08+00:00,0.41,1626.85,0.25,0.34,0,1,47.66475697,29.00970258,2019-05-23,4.101219331
2019-05-23 23:27:14+00:00,23.96,1522.85,23.1,39.19,0,1,56.05242461,27.16731887,2019-05-23,12.71542816
2019-05-23 23:27:17+00:00,53.16,1534.85,38.66,63.82,0,1,52.23478483,27.6885995,2019-05-23,14.4625028
2019-05-23 23:27:19+00:00,23.85,1510.85,22.59,39.35,0,1,55.85460963,26.8509585,2019-05-23,12.64465695
2019-05-23 23:27:19+00:00,5.78,1511.85,4.45,7.72,0,1,52.5851801,27.54464075,2019-05-23,8.423992981
2019-05-23 23:27:20+00:00,21.98,1541.35,34.16,55.84,0,1,52.64127912,27.48222383,2019-05-23,14.02191916
2019-05-23 23:27:32+00:00,1.14,1527.85,0.67,1.12,0,1,49.68793438,27.30022263,2019-05-23,5.247430488
2019-05-23 23:27:35+00:00,0.89,1863.85,0.67,0.57,0,1,52.22158386,26.63471843,2019-05-23,5.247430488
2019-05-23 23:27:35+00:00,0.81,1559.85,0.6,0.94,0,1,52.07081563,26.617289,2019-05-23,5.104648073
2019-05-23 23:27:37+00:00,1.1,1592.85,0.81,1.18,0,1,51.9474975,26.53166113,2019-05-23,5.502363129
2019-05-23 23:27:37+00:00,0.57,1780.85,0.44,0.44,0,1,52.3377236,26.5558744,2019-05-23,4.723796311
2019-05-23 23:27:39+00:00,0.58,2014.85,0.34,0.22,0,1,49.95519354,26.78511367,2019-05-23,4.428918849
2019-05-23 23:27:39+00:00,0.82,1562.85,0.66,1.02,0,1,52.54427681,26.30820841,2019-05-23,5.22773997
2019-05-23 23:27:42+00:00,0.38,1729.85,0.31,0.34,0,1,54.6259658,25.747539,2019-05-23,4.327812301
2019-05-23 23:27:46+00:00,0.56,1822.85,1.51,1.38,0,1,33.2808664,28.1207384,2019-05-23,6.429426418
2019-05-23 23:27:54+00:00,0.805,1689.85,3.96,4.63,0,1,33.7056236,27.6342915,2019-05-23,8.181855216
2019-05-23 23:27:55+00:00,0.55,1602.85,0.32,0.46,0,1,49.23027267,25.96310862,2019-05-23,4.362299588
2019-05-23 23:27:56+00:00,1.71,1501.85,1.63,2.89,0,1,53.20439531,25.18952763,2019-05-23,6.553524007
2019-05-23 23:27:58+00:00,0.36,1542.85,0.24,0.39,0,1,50.7868205,25.4483539,2019-05-23,4.059577193
2019-05-23 23:28:02+00:00,1.13,1561.85,0.66,1.03,0,1,49.21452605,25.52809214,2019-05-23,5.22773997
2019-05-23 23:28:02+00:00,10.71,1515.85,6.49,11.17,0,1,49.80481181,25.38114175,2019-05-23,9.257402949
2019-05-23 23:28:02+00:00,0.64,1692.85,0.38,0.45,0,1,49.36197865,25.43765518,2019-05-23,4.55379937
2019-05-23 23:28:02+00:00,0.58,1579.85,0.54,0.81,0,1,53.02753933,24.89790333,2019-05-23,4.971946348
2019-05-23 23:28:04.500000+00:00,1.11,1572.35,1.64,2.5,0,1,51.54933236,24.95083471,2019-05-23,6.563552382
2019-05-23 23:28:05+00:00,1.24,1576.85,0.92,1.38,0,1,51.55144438,24.91052389,2019-05-23,5.680348096
2019-05-23 23:28:09+00:00,0.88,1663.85,0.7,0.88,0,1,54.14123986,24.21082136,2019-05-23,5.305209072
2019-05-23 23:28:12+00:00,0.71,1573.85,0.42,0.64,0,1,49.2101848,24.88995325,2019-05-23,4.66917677
2019-05-23 23:28:12+00:00,1.84,1513.85,1.09,1.88,0,1,49.19127633,24.8817375,2019-05-23,5.926313449
2019-05-23 23:28:14+00:00,1.02,1552.85,0.94,1.49,0,1,52.71904271,24.11837821,2019-05-23,5.710971028
2019-05-23 23:28:16+00:00,0.63,1551.85,0.94,1.49,0,1,53.65427981,23.85048326,2019-05-23,5.710971028
2019-05-23 23:28:16+00:00,0.41,1650.85,0.24,0.31,0,1,49.14429338,24.6620735,2019-05-23,4.059577193
2019-05-23 23:28:21+00:00,4.43,1529.85,4.93,8.23,0,1,55.45901104,23.190435,2019-05-23,8.64250667
2019-05-23 23:28:21+00:00,0.81,1511.85,0.57,0.99,0,1,53.31609775,23.57024638,2019-05-23,5.039607429
2019-05-23 23:28:21+00:00,4.83,1577.85,5.38,8.08,0,1,55.46326026,23.13629298,2019-05-23,8.83331184
2019-05-23 23:28:21+00:00,0.62,1601.85,0.7,1,0,1,55.496511,23.17855209,2019-05-23,5.305209072
2019-05-23 23:28:28+00:00,20.85,1506.85,16.76,29.45,0,1,56.99323288,22.40064069,2019-05-23,11.73536217
2019-05-23 23:28:28+00:00,1.27,1504.85,0.96,1.68,0,1,56.70374567,22.441545,2019-05-23,5.741109124
2019-05-23 23:28:28+00:00,0.45,1508.85,0.26,0.46,0,1,48.71303636,24.00768436,2019-05-23,4.141630312
2019-05-23 23:28:32+00:00,0.38,1663.85,0.27,0.34,0,1,56.4675235,22.33181442,2019-05-23,4.180891861
2019-05-23 23:28:34+00:00,0.41,1592.85,0.36,0.52,0,1,54.12954909,22.67437308,2019-05-23,4.492660682
2019-05-23 23:28:36+00:00,0.84,1672.85,0.73,0.89,0,1,54.0583378,22.60883192,2019-05-23,5.361159259
2019-05-23 23:28:36+00:00,1.92,1526.85,1.66,2.8,0,1,54.05102498,22.52343826,2019-05-23,6.583472345
2019-05-23 23:28:37+00:00,0.5,1706.85,0.43,0.49,0,1,53.96513743,22.43179686,2019-05-23,4.696724731
2019-05-23 23:28:46+00:00,1.82,1634.85,1.48,1.97,0,1,56.71830222,21.37289371,2019-05-23,6.397251465
2019-05-23 23:28:48+00:00,5.83,1616.85,5.85,8.08,0,1,57.61062959,20.99964364,2019-05-23,9.020216472
2019-05-23 23:28:48+00:00,2.03,1548.85,1.18,1.89,0,1,47.23701555,23.0479813,2019-05-23,6.045030486
2019-05-23 23:28:50+00:00,0.4,1731.85,0.35,0.38,0,1,38.26899545,23.96691091,2019-05-23,4.46113129
2019-05-23 23:28:52+00:00,0.51,1799.85,0.51,0.49,0,1,57.60313171,20.88061,2019-05-23,4.901404414
2019-05-23 23:28:52+00:00,1.17,1770.85,2.03,2.29,0,1,38.2793225,23.94605225,2019-05-23,6.92312229
2019-05-23 23:29:09+00:00,1.01,1607.85,1.44,2.03,0,1,55.7210305,20.2306775,2019-05-23,6.353581667
2019-05-23 23:29:18+00:00,0.58,1829.85,0.44,0.39,0,1,55.75467655,19.58192805,2019-05-23,4.723796311
2019-05-23 23:29:22+00:00,1.76,1559.85,1.47,2.29,0,1,56.17534625,19.26328163,2019-05-23,6.386417808
2019-05-23 23:29:41+00:00,28,1503.85,39.46,69.75,0,1,55.10636865,18.31797769,2019-05-23,14.53674807
2019-05-23 23:29:43+00:00,1.51,1649.85,1.11,1.43,0,1,55.25352579,18.17109217,2019-05-23,5.953313298
2019-05-23 23:29:48.333333+00:00,0.773333333,1661.516667,3,4.36,0,1,54.63873752,18.03340533,2019-05-23,7.633229275
2019-05-23 23:30:53+00:00,0.41,1599.85,0.24,0.34,0,1,46.01575425,15.61276633,2019-05-23,4.059577193
2019-05-23 23:30:54+00:00,3.42,1507.85,2.02,3.54,0,1,46.8466081,15.3301342,2019-05-23,6.914580482
2019-05-23 23:43:04+00:00,0.63,1631.85,0.75,1,0,1,28.12672643,-25.77168129,2019-05-23,5.397508183
2019-05-23 23:43:13+00:00,17.92,1586.85,16.5,24.31,0,1,29.1562035,-26.54484425,2019-05-23,11.68958194
2019-05-23 23:45:55+00:00,0.62,1672.85,0.57,0.7,0,1,22.1667688,-34.9714164,2019-05-23,5.039607429